policy_item_id,section,language,text
677319,CANON_EN,UNK,"3, 3'-Diindolylmethane (DIM)"
677344,CANON_EN,UNK,4-hydroxy isoleucine
677369,CANON_EN,UNK,5-hydroxytryptophan
677449,CANON_LAT,LATIN,Abies balsamea
677449,SYN_LAT,LATIN,Abies balsamea f. balsamea
677479,CANON_LAT,LATIN,Abies pectinata
677479,SYN_LAT,LATIN,Abies alba Mill.
677504,CANON_LAT,LATIN,Acacia arabica
677504,SYN_LAT,LATIN,Acacia nilotioca (L.) Delile
677529,CANON_LAT,LATIN,Acacia nilotica
677529,SYN_LAT,LATIN,Acacia arabica
677558,CANON_LAT,LATIN,Acacia rigidula
677558,SYN_UNK,UNK,Blackbrush Acacia
677638,CANON_LAT,LATIN,Acacia verek
677638,SYN_LAT,LATIN,Acacia senegal
677663,CANON_LAT,LATIN,Acanthopanax senticosus
677663,SYN_LAT,LATIN,Eleutherococcus senticosus Maxim.
677688,CANON_LAT,LATIN,Acca sellowiana
677688,SYN_LAT,LATIN,Acca sellowiana var. rugosa (Mattos) Mattos
677721,CANON_LAT,LATIN,Acer nigrum
677746,CANON_LAT,LATIN,Acer rubrum
677771,CANON_LAT,LATIN,Acer saccharum
677771,SYN_LAT,LATIN,Acer barbatum f. commune Ashe
677809,CANON_EN,UNK,Acetyl L-carnitine
677846,CANON_LAT,LATIN,Achillea millefolium
677846,SYN_LAT,LATIN,Achillea millefolium f. pannonica (Scheele) J.Weiss
677876,CANON_LAT,LATIN,Achras zapota
677876,SYN_LAT,LATIN,Manilkara zapota (L.) P.Royen
677901,CANON_LAT,LATIN,Actinidia arguta
677927,CANON_LAT,LATIN,Actinidia chinensis
677927,SYN_LAT,LATIN,Actinidia chinensis f. jinggangshanensis C.F.Liang
677952,CANON_LAT,LATIN,Actinidia deliciosa
677952,SYN_LAT,LATIN,Actinidia chinensis f. chlorocarpa C.F.Liang
677991,CANON_LAT,LATIN,Adhatoda vasica
678027,CANON_LAT,LATIN,Aegopodium podagraria
678027,SYN_LAT,LATIN,Aegopodium angelicifolium Salisb.
678056,CANON_LAT,LATIN,Aframomum melegueta
678056,SYN_LAT,LATIN,Aframomum melegueta var. violaceum (Ridl.) K.Schum.
678118,CANON_LAT,LATIN,Agaricus blazei
678118,SYN_LAT,LATIN,Agaricus brasiliensis
678118,SYN_LAT,LATIN,Agaricus subrufescens
678118,SYN_UNK,UNK,rufotegulis
678152,CANON_LAT,LATIN,Agathosma betulina
678152,SYN_UNK,UNK,Barosma betulina Bartl. & H.L.Wendl.
678204,CANON_LAT,LATIN,Agave sisalana
678204,SYN_UNK,UNK,Agave amaniensis Trel. & Nowell
678239,CANON_LAT,LATIN,Agave tequilana
678239,SYN_UNK,UNK,Agave angustifolia subsp. tequilana (F.A.C.Weber) Valenz.-Zap. & Nabhan
678265,CANON_EN,UNK,Agmatine (4-aminobutyl) guanidine sulfate
678290,CANON_LAT,LATIN,Ajuga reptans
678290,SYN_LAT,LATIN,Ajuga abnormis Rouy
678346,CANON_LAT,LATIN,Albatrellus ovinus
678377,CANON_LAT,LATIN,Albizia julibrissin
678407,CANON_LAT,LATIN,Allium chinense
678432,CANON_LAT,LATIN,Allium fistulosum
678432,SYN_LAT,LATIN,Allium bouddae Debeaux
678470,CANON_LAT,LATIN,Allium ramosum
678495,CANON_LAT,LATIN,Allium scorodoprasum L.
678520,CANON_LAT,LATIN,Allium tuberosum
678559,CANON_LAT,LATIN,Allium ursinum
678609,CANON_LAT,LATIN,Aloe ferox
678650,CANON_LAT,LATIN,Aloysia citrodora
678675,CANON_EN,UNK,Alpha-Ketoglutarate Calcium
678710,CANON_EN,UNK,Alpha–hydroxy-isocaproic Acid
678735,CANON_LAT,LATIN,Alpinia galanga
678735,SYN_LAT,LATIN,Alpinia alba (Retz.) Roscoe
678805,CANON_LAT,LATIN,Althaea officinalis
678805,SYN_UNK,UNK,Althaea kragujevacensis Pančić
678845,CANON_LAT,LATIN,Amaranthus caudatus
678845,SYN_LAT,LATIN,Amaranthus abyssinicus hort. ex L.H.Bailey
678845,SYN_LAT,LATIN,Amaranthus paniculatus
678886,CANON_LAT,LATIN,Amaranthus cruentus
678886,SYN_LAT,LATIN,Amaranthus anacardana Hook.f.
678922,CANON_LAT,LATIN,Amaranthus edulis
678947,CANON_LAT,LATIN,Amaranthus flavus
678972,CANON_LAT,LATIN,Amaranthus hypocondriacus
679008,CANON_LAT,LATIN,Amaranthus leucocarpus
679033,CANON_LAT,LATIN,Amaranthus mantegacianus
679058,CANON_LAT,LATIN,Amaranthus paniculatus
679083,CANON_LAT,LATIN,Amaranthus tricolor
679108,CANON_LAT,LATIN,Ambrosia artemisiifolia
679133,CANON_LAT,LATIN,Amelanchier alnifolia
679219,CANON_LAT,LATIN,Anchusa officinalis L.
679244,CANON_LAT,LATIN,Andrographis paniculata
679279,CANON_LAT,LATIN,Angelica archangelica L.
679279,SYN_LAT,LATIN,Angelica archangelica subsp. norwegica (Rupr.) Nordh.
679304,CANON_LAT,LATIN,Angelica dahurica
679329,CANON_LAT,LATIN,Angelica pubescens
679354,CANON_LAT,LATIN,Angelica sinensis
679354,SYN_LAT,LATIN,Angelica polymorpha var. sinensis Oliv.
679424,CANON_LAT,LATIN,Annona cherimola
679424,SYN_LAT,LATIN,Annona pubescens Salisb.
679462,CANON_LAT,LATIN,Annona muricata
679462,SYN_LAT,LATIN,Annona bonplandiana Kunth
679505,CANON_LAT,LATIN,Annona reticulata
679505,SYN_LAT,LATIN,Annona excelsa Kunth
679542,CANON_LAT,LATIN,Annona squamosa
679542,SYN_LAT,LATIN,Annona asiatica L.
679584,CANON_LAT,LATIN,Antennaria dioica
679584,SYN_LAT,LATIN,Antennaria dioica var. australis Gris
679640,CANON_LAT,LATIN,Aphanizomenon flosaquae var. flosaquae
679673,CANON_LAT,LATIN,Apis mellifera
679706,CANON_EN,UNK,Apricot Kernel (Prunus Armeniaca L.)
679790,CANON_LAT,LATIN,Arbutus unedo
679790,SYN_LAT,LATIN,Arbutus cassinifolia Steud.
679856,CANON_LAT,LATIN,Areca catechu
679856,SYN_LAT,LATIN,Areca catechu f. communis Becc.
679881,CANON_LAT,LATIN,Aristotelia chilensis
679986,CANON_LAT,LATIN,Artemisia vulgaris L.
680011,CANON_LAT,LATIN,Arthrospira platensis
680011,SYN_UNK,UNK,Arthrospira jenneri var. platensis (Gomont) Guarrera & Kühnemann 0
680011,SYN_UNK,UNK,Oscillatoria platensis (Gomont) Bourrelly 1970
680011,SYN_UNK,UNK,Spirulina jenneri var. platensis Nordstedt 1884
680011,SYN_UNK,UNK,Spirulina platensis (Gomont) Geitler 1925
680147,CANON_LAT,LATIN,Artocarpus incisa
680172,CANON_LAT,LATIN,Artocarpus integrifolius
680260,CANON_LAT,LATIN,Asimina triloba
680296,CANON_LAT,LATIN,Asparagus acutifolius L and Asparagus aphyllus L
680321,CANON_LAT,LATIN,Asparagus racemosus
680354,CANON_LAT,LATIN,Aster tripolium
680354,SYN_LAT,LATIN,Tripolium pannonicum (Jacq.) Dobrocz.
680420,CANON_LAT,LATIN,Atriplex hortensis
680460,CANON_LAT,LATIN,Auricularia polytricha
680460,SYN_LAT,LATIN,Hirneola polytricha
680497,CANON_LAT,LATIN,Auxenochlorella protothecoides
680497,SYN_UNK,UNK,Auxenochlorella protothecoides var. galactophila Unknown authority 0
680497,SYN_UNK,UNK,Chlorella protothecoides Krüger 1894
680497,SYN_UNK,UNK,Chlorella protothecoides var. galactophila Shihira & R.W.Krauss 1965
680497,SYN_UNK,UNK,Palmellococcus protothecoides (Krüger) Chodat 1909
680522,CANON_LAT,LATIN,Auxenochlorella pyrenoidosa
680522,SYN_UNK,UNK,Chlorella pyrenoidosa H.Chick 1903
680547,CANON_LAT,LATIN,Avena sativa L.
680585,CANON_LAT,LATIN,Backhousia citriodora
680611,CANON_LAT,LATIN,Bacopa monnieri
680611,SYN_LAT,LATIN,Allocalyx microphylla Cordem.
680672,CANON_LAT,LATIN,Bactris gasipaes
680697,CANON_LAT,LATIN,Bactris major
680729,CANON_LAT,LATIN,Bambusa vulgaris Schrad. ex J.C.Wendl.
680754,CANON_LAT,LATIN,Barosma betulina
680779,CANON_LAT,LATIN,Basella alba
680817,CANON_LAT,LATIN,Basella rubra
680842,CANON_LAT,LATIN,Bertholletia excelsa
680882,CANON_EN,UNK,Beta-alanine
680907,CANON_EN,UNK,Beta-hydroxy beta methylbutyrate (HMB)
680932,CANON_LAT,LATIN,Betula alba
680957,CANON_LAT,LATIN,Betula alleghaniensis
680987,CANON_LAT,LATIN,Betula alnoides
680987,SYN_LAT,LATIN,Betula acuminata Wall.
681018,CANON_LAT,LATIN,Betula pendula
681018,SYN_LAT,LATIN,Betula alba
681049,CANON_LAT,LATIN,Betula pubescens
681079,CANON_LAT,LATIN,Bignonia lactiflora
681104,CANON_LAT,LATIN,Bignonia rigescens
681129,CANON_LAT,LATIN,Paecilomyces variotii
681191,CANON_LAT,LATIN,Borago officinalis L.
681216,CANON_LAT,LATIN,Borojoa patinoi
681241,CANON_LAT,LATIN,Borojoa sorbilis
681241,SYN_LAT,LATIN,Alibertia sorbilis Ducke
681266,CANON_LAT,LATIN,Boswellia serrata
681299,CANON_LAT,LATIN,Bovine lactoferrin
681324,CANON_LAT,LATIN,Brassica eruca
681349,CANON_LAT,LATIN,Brassica juncea
681387,CANON_LAT,LATIN,Brassica nigra
681426,CANON_EN,UNK,Brewer's spent grain
681451,CANON_EN,UNK,Brewer’s spent grain fiber (BSG-F) and brewer’s spent grain protein (BSG-P)
681476,CANON_LAT,LATIN,Bulbine natalensis
681501,CANON_LAT,LATIN,Cajanus cajan
681539,CANON_LAT,LATIN,Cakile maritima Scop.
681564,CANON_LAT,LATIN,Calendula officinalis L.
681589,CANON_LAT,LATIN,Calluna vulgaris
681619,CANON_LAT,LATIN,Camelina sativa
681662,CANON_LAT,LATIN,Camellia furfuracea
681689,CANON_LAT,LATIN,Camelus dromedarius
681717,CANON_LAT,LATIN,Canarium ovatum Engl.
681742,CANON_EN,UNK,Cannabidiol
681792,CANON_LAT,LATIN,Cannabis sativa L.
681857,CANON_LAT,LATIN,Capparis spinosa
681897,CANON_LAT,LATIN,Capsicum frutescens
681937,CANON_LAT,LATIN,Caralluma fimbriata
681962,CANON_LAT,LATIN,Carduus benedictus
681987,CANON_LAT,LATIN,Carica papaya
682024,CANON_LAT,LATIN,Carissa carandus
682052,CANON_EN,UNK,Carnosine
682086,CANON_LAT,LATIN,Carthamus tinctorius
682086,SYN_LAT,LATIN,Calcitrapa tinctoria Roehl.
682126,CANON_LAT,LATIN,Carum carvi
682165,CANON_LAT,LATIN,Castanea crenata
682190,CANON_LAT,LATIN,Castanea mollissima Blume
682190,SYN_LAT,LATIN,Castane sinensis Perr.
682190,SYN_LAT,LATIN,Castanea bungeana Blume
682240,CANON_LAT,LATIN,Celastrus orbiculatus
682298,CANON_LAT,LATIN,Centella asiatica
682298,SYN_LAT,LATIN,Hydrocotyle asiatica L.
682336,CANON_LAT,LATIN,Centrophorus squamosus
682371,CANON_LAT,LATIN,Ceratonia siliqua
682401,CANON_LAT,LATIN,Cervus elaphus
682441,CANON_LAT,LATIN,Cetraria islandica
682481,CANON_LAT,LATIN,Chamaemelum nobile
682481,SYN_LAT,LATIN,Anacyclus aureus L.
682481,SYN_LAT,LATIN,Anacyclus nobilis
682481,SYN_LAT,LATIN,Anthemis aurea
682481,SYN_LAT,LATIN,Anthemis nobilis L.
682522,CANON_LAT,LATIN,Chenopodium album L.
682572,CANON_LAT,LATIN,Chenopodium quinoa
682608,CANON_EN,UNK,Chioca
682633,CANON_LAT,LATIN,Chlamydomonas reinhardtii
682683,CANON_LAT,LATIN,Chlorella pyrenoidosa
682683,SYN_LAT,LATIN,Auxenochlorella pyrenoidosa
682683,SYN_LAT,LATIN,Chlorella vulgaris
682715,CANON_LAT,LATIN,Chlorella sorokiniana
682740,CANON_LAT,LATIN,Chlorella vulgaris
682740,SYN_UNK,UNK,Chlorella candida Shihira & R.W.Krauss 1965
682740,SYN_UNK,UNK,Chlorella communis Artari 1906
682740,SYN_UNK,UNK,Chlorella pyrenoidosa var. duplex (Kützing) West null Pleurococcusbeijerinckii Artari 1892
682740,SYN_UNK,UNK,Chlorella terricola Gollerbach[Hollerbach] 1936
682740,SYN_UNK,UNK,Chlorellavulgaris var. viridis Chodat 1913
682765,CANON_LAT,LATIN,Chondrus crispus
682765,SYN_UNK,UNK,Fucus ceranoides var.lacerus (Linnaeus) Lightfoot 1777
682765,SYN_UNK,UNK,Fucus crispus Linnaeus 1767
682765,SYN_UNK,UNK,Fucus crispus var. brunneus Goodenough & Woodward 1797
682765,SYN_UNK,UNK,Fucus crispus var. filiformis Goodenough & Woodward 1797
682765,SYN_UNK,UNK,Fucus crispus var. lacerus Turner1802
682765,SYN_UNK,UNK,Fucus crispus var. patens (Goodenough & Woodward) Turner1802
682765,SYN_UNK,UNK,Fucus crispus var. planus Turner 1802
682765,SYN_UNK,UNK,Fucus crispus var. sarniensis Turner 1802
682765,SYN_UNK,UNK,Fucus crispus var. virens Goodenough & Woodward 1797
682765,SYN_UNK,UNK,Fucus crispusvar. aequalis Goodenough & Woodward 1797
682765,SYN_UNK,UNK,Fucus lacerus Linnaeus 1763
682765,SYN_UNK,UNK,Fucus lacerus Stackhouse 1797
682765,SYN_UNK,UNK,Fucus norvegicus Gunnerus 1772
682765,SYN_UNK,UNK,Fucus patens Goodenough & Woodward 1797
682765,SYN_UNK,UNK,Fucus polymorphus J.V.Lamouroux 1803
682765,SYN_UNK,UNK,Gigartina heterocarpa (Postels & Ruprecht) D.H.Kim 1976
682765,SYN_UNK,UNK,Polymorpha crispa (Stackhouse) Stackhouse 1809
682765,SYN_UNK,UNK,Polymorpha norvegicus (Gunnerus) Stackhouse 1809
682790,CANON_LAT,LATIN,Chrysanthellum americanum
682790,SYN_UNK,UNK,Anthemis Americana Mutis ex L.
682904,CANON_LAT,LATIN,Cinnamomum verum
682904,SYN_LAT,LATIN,Cinnamomum zeylanicum J. Presl
682998,CANON_LAT,LATIN,Cistus x incanus
683086,CANON_LAT,LATIN,Citrus junos
683086,SYN_LAT,LATIN,Citrus aurantium subsp. junos Makino
683137,CANON_EN,UNK,Clinoptilolite
683169,CANON_LAT,LATIN,Clitoria ternatea
683198,CANON_LAT,LATIN,Cnicus benedictus
683198,SYN_LAT,LATIN,Centaurea benedicta (L.) L.
683228,CANON_LAT,LATIN,Cnidium monnieri
683260,CANON_LAT,LATIN,Codonopsis pilosula
683260,SYN_LAT,LATIN,Conodopsis modesta Nannf.
683352,CANON_LAT,LATIN,Coix lacryma-jobi
683377,CANON_LAT,LATIN,Cola nitida
683413,CANON_LAT,LATIN,Coleus forskohlii
683413,SYN_LAT,LATIN,Plectranthus forskohlii Willd.
683444,CANON_EN,UNK,Collagen
683469,CANON_LAT,LATIN,Colocasia antiquorum
683537,CANON_EN,UNK,Colostrum
683564,CANON_LAT,LATIN,Combretum micranthum
683595,CANON_LAT,LATIN,Commiphora subglauca
683620,CANON_LAT,LATIN,Conjugated linoleic acid
683655,CANON_LAT,LATIN,Consolida regalis
683705,CANON_LAT,LATIN,Corchorus olitorius
683756,CANON_LAT,LATIN,Ophiocordyceps sinensis
683756,SYN_LAT,LATIN,Cordyceps sinensis (Berk.) Sacc.
683756,SYN_LAT,LATIN,Sphaeria sinensis Berk.
683756,SYN_UNK,UNK,Hirsutella hepiali C.T. Chen & N.Y. Shen
683791,CANON_LAT,LATIN,Coriolus versicolor
683824,CANON_LAT,LATIN,Cortinarius caperatus
683849,CANON_LAT,LATIN,Corylus avellana
683902,CANON_LAT,LATIN,Coutarea latiflora
683927,CANON_LAT,LATIN,Crambe maritima L.
683952,CANON_LAT,LATIN,Crataegus laevigata
683952,SYN_LAT,LATIN,Crataegus laevigata subsp. laevigata
684015,CANON_LAT,LATIN,Crataegus pinnatifida
684091,CANON_LAT,LATIN,Creatine pyruvate
684195,CANON_LAT,LATIN,Curcuma zedoaria
684220,CANON_EN,UNK,Curcumin
684245,CANON_EN,UNK,Curcuminoids
684270,CANON_EN,UNK,Cyclopia sp.
684298,CANON_LAT,LATIN,Cyperus esculentus
684365,CANON_EN,UNK,D-mannose
684390,CANON_LAT,LATIN,Dacryodes edulis
684416,CANON_LAT,LATIN,Daucus carota L.
684461,CANON_LAT,LATIN,Daucus gingidium
684486,CANON_LAT,LATIN,Delphinium consolida L.
684486,SYN_LAT,LATIN,Ceratostanthus consolida Schur
684521,CANON_LAT,LATIN,Dendrobium nobile
684521,SYN_LAT,LATIN,Callista nobilis Kuntze
684521,SYN_LAT,LATIN,Dendrobium coerulescen Wall. ex Lindl.
684546,CANON_LAT,LATIN,Dendrocalamus asper
684546,SYN_LAT,LATIN,Bambusa aspera
684583,CANON_LAT,LATIN,Dendrocalamus latiflorus
684583,SYN_UNK,UNK,Bambusa latiflora.
684619,CANON_LAT,LATIN,Deodorised cocoa butter
684644,CANON_LAT,LATIN,Desmodium gangeticum
684673,CANON_LAT,LATIN,Desugared fermented orange juice
684698,CANON_EN,UNK,DHA and EPA ethyl esters oil from Schizochytrium sp. microalga
684723,CANON_LAT,LATIN,Dioscorea alata
684723,SYN_LAT,LATIN,Dioscorea alata var. globosa (Roxb.) Prain
684761,CANON_LAT,LATIN,Dioscorea esculenta
684761,SYN_LAT,LATIN,Dioscorea aculeata Roxb.
684824,CANON_LAT,LATIN,Dioscorea rotundata
684860,CANON_LAT,LATIN,Dipteryx alata
684885,CANON_LAT,LATIN,Distictis lactiflora
684885,SYN_LAT,LATIN,Amphilophium lactiflorum (Vahl) L.G.Lohmann
684912,CANON_LAT,LATIN,Distictis rigescens
684937,CANON_LAT,LATIN,Dolichos lablab
684962,CANON_LAT,LATIN,Dolichos purpureus
685012,CANON_LAT,LATIN,Durio zibethinus
685045,CANON_LAT,LATIN,Echinacea purpureae
685045,SYN_LAT,LATIN,Brauneria purpurea (L.) Britton
685083,CANON_LAT,LATIN,Echium vulgare L.
685108,CANON_LAT,LATIN,Eisenia bicyclis
685108,SYN_UNK,UNK,Ecklonia bicyclis Kjellman 1885
685108,SYN_UNK,UNK,Ecklonia wrightii Harvey 1860
685108,SYN_UNK,UNK,Eisenia arborea f. bicyclis (Kjellman) Yendo 1902
685187,CANON_LAT,LATIN,Eleocharis dulcis
685187,SYN_LAT,LATIN,Eleocharis equisetina
685187,SYN_UNK,UNK,E. indica
685187,SYN_UNK,UNK,E. plantaginea
685187,SYN_UNK,UNK,E. plantaginoides
685187,SYN_UNK,UNK,E. tuberosa
685187,SYN_UNK,UNK,E. tumida.
685266,CANON_LAT,LATIN,Emblica officinalis
685266,SYN_LAT,LATIN,Phyllanthus emblica L.
685308,CANON_LAT,LATIN,Empetrum nigrum
685308,SYN_LAT,LATIN,Chamaetaxus nigra (L.) Bubani
685340,CANON_LAT,LATIN,Emu oil
685390,CANON_LAT,LATIN,Epilobium angustifolium L.
685421,CANON_LAT,LATIN,Epimedium brevicornum Maxim
685446,CANON_LAT,LATIN,Epimedium grandiflorum
685506,CANON_LAT,LATIN,Epimedium sagitattum
685531,CANON_LAT,LATIN,Equisetum arvense
685531,SYN_UNK,UNK,Field Horsetail
685571,CANON_LAT,LATIN,Eragrostis tef
685571,SYN_LAT,LATIN,Cynodon abyssinicus (Jacq.) Raspail
685636,CANON_LAT,LATIN,Eruca sativa
685715,CANON_LAT,LATIN,Eugenia floribunda
685740,CANON_LAT,LATIN,Eugenia michelii
685765,CANON_LAT,LATIN,Eugenia uniflora
685805,CANON_LAT,LATIN,Euphausia superba
685838,CANON_LAT,LATIN,Euryale ferox
685863,CANON_LAT,LATIN,Eurycoma longifolia
685892,CANON_LAT,LATIN,Euterpe edulis
685892,SYN_LAT,LATIN,Euterpe edulis var. clausa Mattos
685917,CANON_EN,UNK,Euterpe spp.
685952,CANON_LAT,LATIN,Eutrema japonicum
685977,CANON_LAT,LATIN,Evodia lepta
686052,CANON_LAT,LATIN,Fallopia japonica
686077,CANON_LAT,LATIN,Feijoa sellowiana
686102,CANON_LAT,LATIN,Fermented coconut gel
686179,CANON_LAT,LATIN,Ferulic acid
686205,CANON_LAT,LATIN,Festuca arundinacea
686268,CANON_LAT,LATIN,Flour from Buckwheat seedlings with a high spermidine content
686293,CANON_LAT,LATIN,Foeniculum vulgare
686333,CANON_LAT,LATIN,Fragaria x ananassa (Duchesne ex Weston) Duchesne ex Rozier
686358,CANON_LAT,LATIN,Fraxinus ornus
686386,CANON_LAT,LATIN,Fucus nodosus
686411,CANON_LAT,LATIN,Fucus serratus
686411,SYN_UNK,UNK,Halidrys serrata (Linnaeus) Stackhouse 1809
686411,SYN_UNK,UNK,Virsodes serratum (Linnaeus) Kuntze 1891
686438,CANON_LAT,LATIN,Fucus spiralis
686438,SYN_UNK,UNK,Fucus areschougii Kjellman 1890
686438,SYN_UNK,UNK,Fucus areschougii f. nanus Kjellman 1890
686438,SYN_UNK,UNK,Fucus areschougii var. borealis (Kjellman) Kjellman 1890
686438,SYN_UNK,UNK,Fucus platycarpus f. spiralis (Linnaeus) Thuret 1878
686438,SYN_UNK,UNK,Fucus platycarpus var. spiralis (Linnaeus) Rosenvinge 1897
686438,SYN_UNK,UNK,Fucus sherardii f. spiralis (Linnaeus) Areschoug 1868
686438,SYN_UNK,UNK,Fucus spiralis f. arenicola Hamel 1939
686438,SYN_UNK,UNK,Fucus spiralis f. borealis Kjellman 1883
686438,SYN_UNK,UNK,Fucus spiralis f. nanus (Kjellman) Batters 1902
686438,SYN_UNK,UNK,Fucus spiralis var. nanus (Kjellman) S.M.Baker & Bohling 1916
686438,SYN_UNK,UNK,Fucus spiralis var. nanus (Stackhouse) Batters 1902
686438,SYN_UNK,UNK,Fucus spiralis var. typicus Børgesen 1902
686438,SYN_UNK,UNK,Fucus vesiculosus f. spiralis (Linnaeus) Batters 1890
686438,SYN_UNK,UNK,Fucus vesiculosus var. spiralis (Linnaeus) C.Agardh 1810
686438,SYN_UNK,UNK,Fucus vesiculosus var. spiralis (Linnaeus) Roth 1800
686438,SYN_UNK,UNK,Halidrys spiralis (Linnaeus) Stackhouse 1809
686463,CANON_LAT,LATIN,Fucus vesiculosus
686463,SYN_UNK,UNK,Fucus divaricatus Linnaeus 1753
686463,SYN_UNK,UNK,Fucus excisus Forsskål 1775
686463,SYN_UNK,UNK,Fucus inflatus Linnaeus 1753
686463,SYN_UNK,UNK,Fucus vesiculosus var. divaricatus (Linnaeus) Goodenough & Woodward 1797
686463,SYN_UNK,UNK,Fucus vesiculosus var. rigidus Wahlenberg 1812
686463,SYN_UNK,UNK,Halidrys vesiculosus (Linnaeus) Stackhouse 1809
686463,SYN_UNK,UNK,Virsodes vesiculosum (Linnaeus) Kuntze 1891
686519,CANON_LAT,LATIN,Galium odoratum L.
686544,CANON_LAT,LATIN,Galium verum L.
686569,CANON_LAT,LATIN,Ganoderma lucidum
686628,CANON_LAT,LATIN,Garcinia cambogia
686628,SYN_LAT,LATIN,Garcinia gummi-gutta (L.) Roxb
686663,CANON_LAT,LATIN,Garcinia mangostana
686703,CANON_LAT,LATIN,Gentianella alborosea
686733,CANON_LAT,LATIN,Germinated hemp seed produced by malting
686794,CANON_LAT,LATIN,Gigantochloa levis
686794,SYN_LAT,LATIN,Bambusa levis
686830,CANON_LAT,LATIN,Ginkgo biloba
686868,CANON_LAT,LATIN,Glebionis coronaria L.
686918,CANON_EN,UNK,Glucomannan (Konjac mannan)
686943,CANON_LAT,LATIN,Glucosamine sulphate
686978,CANON_EN,UNK,Gossypium sp.
687022,CANON_LAT,LATIN,Gracilaria verrucosa
687047,CANON_LAT,LATIN,Gracilariopsis longissima
687047,SYN_LAT,LATIN,Gracilariopsis verrucosa (Hudson) Steentoft
687047,SYN_UNK,UNK,Ceramium confervoides F.H.Wiggers 1780
687047,SYN_UNK,UNK,Ceramium longissimum (S.G.Gmelin) Roth 1800
687047,SYN_UNK,UNK,Flagellaria verrucosa (Hudson) Stackhouse 1809
687047,SYN_UNK,UNK,Fucus confervoides Linnaeus 1763
687047,SYN_UNK,UNK,Fucus longissimus S.G.Gmelin 1768
687047,SYN_UNK,UNK,Fucus verrucosus Hudson 1762
687047,SYN_UNK,UNK,Gigartina confervoides (Linnaeus) J.V.Lamouroux 1813
687047,SYN_UNK,UNK,Gracilaria confervoides (Linnaeus) Greville 1830
687047,SYN_UNK,UNK,Gracilaria verrucosa (Hudson) Papenfuss 1950
687047,SYN_UNK,UNK,Hypnea confervoides (C.Agardh) J.Agardh 1842
687047,SYN_UNK,UNK,L.M.Irvine & Farnham 1995
687047,SYN_UNK,UNK,Sphaerococcus confervoides (F.H.Wiggers) Stackhouse 1797
687047,SYN_UNK,UNK,Sphaerococcus confervoides var. verrucosus (Hudson) C.Agardh 1822
687047,SYN_UNK,UNK,Sphaerococcus verrucosus (Hudson) C.Agardh 1817
687072,CANON_LAT,LATIN,Griffonia simplicifolia
687072,SYN_LAT,LATIN,Bandeiraea simplicifolia (Vahl ex DC.) Benth
687072,SYN_LAT,LATIN,Schotia simplicifolia Vahl ex DC.
687097,CANON_LAT,LATIN,Grifola frondosa
687149,CANON_LAT,LATIN,Gypsophila struthium
687184,CANON_LAT,LATIN,Hamamelis virginiana
687213,CANON_LAT,LATIN,Harpagophytum procumbens
687257,CANON_LAT,LATIN,Helichrysum italicum
687282,CANON_LAT,LATIN,Helix aspersa maxima
687307,CANON_LAT,LATIN,Hericium erinaceus
687307,SYN_LAT,LATIN,Clavaria erinaceus Dryodonerinaceus
687307,SYN_LAT,LATIN,Hydnum erinaceus
687332,CANON_EN,UNK,Hesperidin
687365,CANON_LAT,LATIN,Heterochlorella luteoviridis
687390,CANON_LAT,LATIN,Hibiscus esculentus
687390,SYN_LAT,LATIN,Abelmoschus esculentus Moench
687437,CANON_LAT,LATIN,Hibiscus rosa sinensis
687462,CANON_LAT,LATIN,Hibiscus sabdariffa L.
687512,CANON_LAT,LATIN,Himanthalia elongata
687512,SYN_UNK,UNK,Fucus elongatus Linnaeus 1753
687541,CANON_EN,UNK,Hippophaë rhamnoides
687581,CANON_LAT,LATIN,Hirneola polytricha
687606,CANON_EN,UNK,Sargassum fusiforme (Harvey) Setchell 1931
687606,SYN_UNK,UNK,Cystophyllum fusiforme Harvey 1860
687606,SYN_UNK,UNK,Cystophyllum fusiformevar. clavigerum Harvey 1860
687606,SYN_UNK,UNK,Hizikia fusiformis (Harvey) Okamura 1932
687606,SYN_UNK,UNK,Turbinaria fusiformis (Harvey) Yendo1907
687639,CANON_LAT,LATIN,Honckenya peploides L.
687664,CANON_LAT,LATIN,Hoodia gordonii
687664,SYN_LAT,LATIN,Hoodia albispina N.E.Br.
687696,CANON_LAT,LATIN,Hordeum vulgare
687696,SYN_LAT,LATIN,Frumentum hordeum E.H.L.Krause
687736,CANON_LAT,LATIN,Hovenia dulcis
687771,CANON_LAT,LATIN,Humic acid
687796,CANON_LAT,LATIN,Hydnum repandum
687825,CANON_EN,UNK,Hydro-alcoholic extract of Porphyra yezoensis
687875,CANON_LAT,LATIN,Hydrolysed bovine cartilage product
687900,CANON_EN,UNK,Hydroxy Citric Acid
687936,CANON_LAT,LATIN,Hygrophorus camarophyllus
687965,CANON_LAT,LATIN,Hylocereus megalanthus
687999,CANON_LAT,LATIN,Hylocereus undatus
688036,CANON_LAT,LATIN,Hypericum perforatum
688061,CANON_LAT,LATIN,Hypoxis hemerocallidea
688086,CANON_LAT,LATIN,Hypoxis rooperi
688117,CANON_LAT,LATIN,Hyssopus officinalis
688154,CANON_EN,UNK,IBalance – killed heat treated microorganisms
688179,CANON_LAT,LATIN,Ilex asprella
688294,CANON_EN,UNK,Indole-3-carbinol
688319,CANON_LAT,LATIN,Inonotus obliquus
688319,SYN_LAT,LATIN,Fuscoporia obliqua (Fr.) Aoshima
688319,SYN_UNK,UNK,Bull. Tokyo Univ. Forests: 200 (1951)
688319,SYN_UNK,UNK,Hyménomycètes de France: 642 (1928)
688319,SYN_UNK,UNK,Poria obliquua (Fr.) P. Karst. (1881)
688319,SYN_UNK,UNK,Xanthochrous obliquus (Fr.) Bourdot & Galzin
688348,CANON_LAT,LATIN,Ipomoea aquatica
688384,CANON_LAT,LATIN,Ipomoea batatas
688428,CANON_LAT,LATIN,Ipomoea hederacea
688463,CANON_LAT,LATIN,Irvingia gabonensis
688488,CANON_LAT,LATIN,Jaagichlorella luteoviridis
688488,SYN_LAT,LATIN,Heterochlorella luteoviridis (Chodat) Neustupa
688488,SYN_UNK,UNK,Auxenochlorella protothecoides var. communis Unknown authority null Chlorella protothecoides var. communis Shihira & R.W.Krauss 1965
688488,SYN_UNK,UNK,Chlorella luteoviridis Chodat 1913
688488,SYN_UNK,UNK,Chlorella vulgaris var. luteoviridis (Chodat) Shihira & R.W.Krauss 1965
688488,SYN_UNK,UNK,Eliás & Skaloud 2009
688488,SYN_UNK,UNK,Nemcova
688513,CANON_LAT,LATIN,Jessenia bataua
688543,CANON_LAT,LATIN,Juglans regia L.
688590,CANON_LAT,LATIN,Juniperus communis
688629,CANON_EN,UNK,Kala Namak
688654,CANON_EN,UNK,L-alpha glycerylfosforylcholine
688679,CANON_EN,UNK,L-citrulline malate
688704,CANON_EN,UNK,L-fucose
688729,CANON_EN,UNK,L-Theanine
688793,CANON_LAT,LATIN,Lactarius deliciosus
688863,CANON_LAT,LATIN,Lactarius rufus
688894,CANON_LAT,LATIN,Lactarius torminosus
688926,CANON_LAT,LATIN,Lactarius trivialis
688957,CANON_LAT,LATIN,Lactarius utilis
688982,CANON_EN,UNK,Lactulose
689015,CANON_LAT,LATIN,Laminaria digitata
689015,SYN_UNK,UNK,Fucus digitatus Hudson 1762 Ceramium digitatum (Hudson) Stackhouse 1797 Gigantea digitata (Hudson) Stackhouse 1816 Hafgygia digitata (Hudson) Kützing 1843 Saccharina digitata (Hudson) Kuntze 1891
689043,CANON_LAT,LATIN,Saccharina japonica
689043,SYN_UNK,UNK,Hafgygia japonica (Areschoug) Areschoug 1883
689043,SYN_UNK,UNK,Laminaria japonica Areschoug 1851
689043,SYN_UNK,UNK,Oxyglossum japonicum (Areschoug) Areschoug 1880
689043,SYN_UNK,UNK,Phycodendrum japonicum (Areschoug) Kuntze 1898
689043,SYN_UNK,UNK,Pleurophycus japonicus (Areschoug) O.C.Schmidt 1938
689077,CANON_LAT,LATIN,Laminaria longicruris
689134,CANON_LAT,LATIN,Lamium album L.
689159,CANON_LAT,LATIN,Lamium galaeobdolon L.
689184,CANON_LAT,LATIN,Lamium purpureum L.
689209,CANON_LAT,LATIN,Langermannia gigantea
689209,SYN_LAT,LATIN,Calvatia gigantea (Batsch ex Pers.) Lloyd
689209,SYN_UNK,UNK,Lycoperdon gigantea. The preferred name is however Langermannia gigantea
689270,CANON_LAT,LATIN,Lathyrus japonicus Willd
689334,CANON_LAT,LATIN,Lavandula angustifolia
689334,SYN_LAT,LATIN,Lavandula officinalis var. delphinensis (Jord. ex Billot) Rouy
689359,CANON_LAT,LATIN,Lavandula officinalis
689398,CANON_LAT,LATIN,Leccinum aurantiacum
689427,CANON_LAT,LATIN,Leccinum versipelle
689458,CANON_LAT,LATIN,Leccinum vulpinum
689484,CANON_LAT,LATIN,Lemna minor
689522,CANON_LAT,LATIN,Lentinula edodes
689667,CANON_LAT,LATIN,Leuzea carthamoide
689692,CANON_LAT,LATIN,Linum usitatissimum
689692,SYN_LAT,LATIN,Linum arvense Neck.
689734,CANON_LAT,LATIN,Liposomal vitamin C
689759,CANON_LAT,LATIN,Lippia citrodora
689784,CANON_LAT,LATIN,Lippia triphylla
689784,SYN_LAT,LATIN,Aloysia citrodora
689784,SYN_LAT,LATIN,Lippia citrodora
689823,CANON_LAT,LATIN,Lithothamnion calcareum
689848,CANON_LAT,LATIN,Lucuma obovata
689879,CANON_LAT,LATIN,Lupinus albus
689922,CANON_LAT,LATIN,Lupinus angustifolius
689961,CANON_LAT,LATIN,Lupinus luteus
690031,CANON_LAT,LATIN,Lycium barbarum
690031,SYN_LAT,LATIN,Lycium barbarum Mill.
690068,CANON_EN,UNK,Lycopene
690102,CANON_LAT,LATIN,Macadamia intergrifolia
690138,CANON_LAT,LATIN,Macrodiscus lactiflorus
690138,SYN_LAT,LATIN,Distictis lactiflora
690163,CANON_LAT,LATIN,Malpighia glabra
690163,SYN_LAT,LATIN,Malpighia punicifolia L.
690201,CANON_LAT,LATIN,Malpighia punicifolia
690226,CANON_LAT,LATIN,Malus communis
690251,CANON_LAT,LATIN,Malus sylvestris
690321,CANON_LAT,LATIN,Manihot esculenta
690321,SYN_LAT,LATIN,Manihot utilissima Pohl
690365,CANON_LAT,LATIN,Manihot utilissima
690390,CANON_LAT,LATIN,Manilkara achras
690415,CANON_LAT,LATIN,Manilkara zapota
690415,SYN_LAT,LATIN,Manilkara achras (Mill.) Fosberg
690454,CANON_LAT,LATIN,Manilkara zapotilla
690454,SYN_UNK,UNK,Manilkara zapota( L.) P.Royen
690479,CANON_LAT,LATIN,Medicago sativa
690479,SYN_LAT,LATIN,Medica sativa Lam.
690519,CANON_LAT,LATIN,Mentha aquatica
690544,CANON_LAT,LATIN,Mesembryanthemum crystallinum
690569,CANON_LAT,LATIN,Mespilus germanica
690569,SYN_LAT,LATIN,Mespilus domestica Gaterau
690607,CANON_EN,UNK,Methylsulfonylmethane
690639,CANON_EN,UNK,methylliberine
690664,CANON_LAT,LATIN,Micronized and microencapsulated ferric diphosphate
690689,CANON_LAT,LATIN,Mineral enriched fungal biomass (Aspergillus oryzae)
690714,CANON_LAT,LATIN,Momordica charantia
690714,SYN_UNK,UNK,Cucumis argyi H.Lév.
690755,CANON_LAT,LATIN,Momordica grosvenorii
690780,CANON_LAT,LATIN,Monarda didyma
690780,SYN_LAT,LATIN,Monarda coccinea Michx.
690812,CANON_LAT,LATIN,Monascus albidus
690837,CANON_LAT,LATIN,Monascus anka
690862,CANON_LAT,LATIN,Monascus araneosus
690887,CANON_LAT,LATIN,Monascus major
690912,CANON_LAT,LATIN,Monascus purpureus
690912,SYN_LAT,LATIN,Monascus anka
690912,SYN_LAT,LATIN,Monascus araneosus
690912,SYN_LAT,LATIN,Monascus major
690912,SYN_LAT,LATIN,Monascus rubiginosus
690912,SYN_LAT,LATIN,Monascus vini
690937,CANON_LAT,LATIN,Monascus rubiginosus
690962,CANON_LAT,LATIN,Monascus vini
691012,CANON_LAT,LATIN,Monostroma nitidum
691012,SYN_UNK,UNK,Porphyra crispata Kjellman 1897
691037,CANON_LAT,LATIN,Moringa oleifera
691037,SYN_LAT,LATIN,Guilandina moringa L.
691062,CANON_LAT,LATIN,Morus alba
691062,SYN_LAT,LATIN,Morus alba f. alba
691101,CANON_LAT,LATIN,Morus nigra
691101,SYN_LAT,LATIN,Morus cretica Raf.
691140,CANON_LAT,LATIN,Asphaltum punjabianum
691166,CANON_LAT,LATIN,Musa acuminata
691166,SYN_LAT,LATIN,Musa simiarum Kurz
691205,CANON_LAT,LATIN,Musa nana
691255,CANON_LAT,LATIN,Myrciaria dubia
691255,SYN_LAT,LATIN,Eugenia divaricata Benth
691255,SYN_LAT,LATIN,Myrciaria divaricata O.Berg
691255,SYN_LAT,LATIN,Psidium dubium Kunth
691282,CANON_LAT,LATIN,Myrciaria floribunda
691282,SYN_LAT,LATIN,Acinodendron sellowianum Kuntze
691282,SYN_LAT,LATIN,Myrciaria protracta (Steud.) O.Berg
691308,CANON_LAT,LATIN,Myrciaria protracta
691333,CANON_LAT,LATIN,Myrothamnus flabellifolia
691333,SYN_UNK,UNK,Cliffortia flabellifolia Sond. ex Harv. & Sond.
691359,CANON_LAT,LATIN,Myrrhis odorata (L.) Scop.
691384,CANON_LAT,LATIN,Myrtus communis
691384,SYN_LAT,LATIN,Decaspermum blancoi S.Vidal
691412,CANON_EN,UNK,N-Methyl-D-Aspartate
691437,CANON_EN,UNK,N-oleoyl Phosphatidyl-Ethanolamine (NOPE)
691462,CANON_LAT,LATIN,Nasturtium officinale
691462,SYN_LAT,LATIN,Rorippia nasturtium-aquaticum (L.) Hayek
691462,SYN_UNK,UNK,Arabis nasturtium [Clairv.]
691502,CANON_LAT,LATIN,Nauclea aculeata
691527,CANON_LAT,LATIN,Nauclea tomentosa
691552,CANON_LAT,LATIN,Nelumbo nucifera
691552,SYN_LAT,LATIN,Nelumbium nelumbo Druce
691589,CANON_LAT,LATIN,Nepeta tenuifolia
691589,SYN_LAT,LATIN,Elsholtzia integrifolia Benth.
691589,SYN_LAT,LATIN,Schizonepeta tenuifolia Briq.
691620,CANON_LAT,LATIN,Nephelium lappaceum
691620,SYN_LAT,LATIN,Dimocarpus crinitus Lour.
691653,CANON_EN,UNK,Nicotinamide mononucleotide (purity is 95 – 99 %)
691678,CANON_LAT,LATIN,Nigella sativa
691678,SYN_LAT,LATIN,Nigella cretica Mill.
691720,CANON_LAT,LATIN,Ocimum sanctum
691745,CANON_LAT,LATIN,Ocimum tenuiflorum
691745,SYN_LAT,LATIN,Ocimum monachorum L
691745,SYN_LAT,LATIN,Ocimum sanctum L.
691785,CANON_LAT,LATIN,Oenothera biennis
691785,SYN_LAT,LATIN,Brunyera biennis Bubani
691824,CANON_LAT,LATIN,Olea europaea
691824,SYN_LAT,LATIN,Olea angustifolia Raf.
691918,CANON_EN,UNK,Omega-3 fatty acid-lysine salt
691943,CANON_LAT,LATIN,Opuntia ficus-indica
691943,SYN_LAT,LATIN,Cactus compressus Salisb.
691992,CANON_LAT,LATIN,Origanum minutiflorum
692017,CANON_LAT,LATIN,Origanum vulgare
692017,SYN_LAT,LATIN,Origanum americanum Raf.
692057,CANON_LAT,LATIN,Orthosiphon stamineus
692057,SYN_LAT,LATIN,Ocimum aristatum Blume
692092,CANON_LAT,LATIN,Oryza sativa
692092,SYN_LAT,LATIN,Oryza aristata Blanco
692134,CANON_LAT,LATIN,Oxalis acetosella L.
692159,CANON_LAT,LATIN,Oxalis purpurea
692184,CANON_LAT,LATIN,Oxalis tuberosa
692216,CANON_LAT,LATIN,Oxalis vulcanicola
692216,SYN_LAT,LATIN,Oxalis vulcanicola Donn. Sm.
692241,CANON_LAT,LATIN,Oxycoccus macrocarpus
692266,CANON_LAT,LATIN,Oxycoccus quadripetala
692291,CANON_LAT,LATIN,Oxytenanthera albociliata
692316,CANON_LAT,LATIN,Ozohallila nodosa
692341,CANON_LAT,LATIN,Paeonia officinalis
692369,CANON_LAT,LATIN,Arenga pinnata
692369,SYN_LAT,LATIN,Arenga gamuto Merr.
692394,CANON_LAT,LATIN,Palmaria palmata
692394,SYN_UNK,UNK,Ceramium palmatum (Linnaeus) Stackhouse 1797
692394,SYN_UNK,UNK,Delesseria palmata (Linnaeus) J.V.Lamouroux 1813
692394,SYN_UNK,UNK,Fucus palmatus Linnaeus 1753
692394,SYN_UNK,UNK,Halymenia palmata (Linnaeus) C.Agardh 1817
692394,SYN_UNK,UNK,Isomenia palmata (Linnaeus) Bachelot Pylaie 1830
692394,SYN_UNK,UNK,Rhodymenia palmata (Linnaeus) Greville 1830
692394,SYN_UNK,UNK,Sarcophylla palmata (Linnaeus) Stackhouse 1816
692394,SYN_UNK,UNK,Sphaerococcus palmatus (Linnaeus) Wahlenberg 1826
692394,SYN_UNK,UNK,Ulva palmata (Linnaeus) Withering 1796
692428,CANON_LAT,LATIN,Panax notoginseng
692428,SYN_LAT,LATIN,Aralia quinquefolia var. notoginseng Burkill
692464,CANON_LAT,LATIN,Panax ginseng
692464,SYN_LAT,LATIN,Aralia ginseng Baill.
692503,CANON_LAT,LATIN,Panax pseudoginseng
692503,SYN_LAT,LATIN,Aralia pseudoginseng Benth. ex C.B.Clarke
692528,CANON_LAT,LATIN,Panax quinquefolius
692528,SYN_UNK,UNK,Aralia quinquefolia (L.) Decne. & Planch.
692565,CANON_LAT,LATIN,Papaver rhoeas L.
692565,SYN_LAT,LATIN,Papaver aegadicum Lojac.
692590,CANON_LAT,LATIN,Parachlorella kessleri
692590,SYN_UNK,UNK,Chlorella kessleri Fott & Nováková 1969
692615,CANON_LAT,LATIN,Passiflora edulis
692615,SYN_LAT,LATIN,Passiflora cuneifolia Cav.
692654,CANON_LAT,LATIN,Paullinia cupana
692654,SYN_LAT,LATIN,Paullinia brasiliensis Lodd. ex Radlk.
692691,CANON_LAT,LATIN,Pisum sativum
692691,SYN_LAT,LATIN,Lathyrus oleraceus Lam.
692716,CANON_LAT,LATIN,Pelargonium sidoides
692741,CANON_LAT,LATIN,Penicillium oxalicum var. armeniaca
692766,CANON_LAT,LATIN,Gadus macrocephalus
692816,CANON_LAT,LATIN,Perilla frutescens
692816,SYN_LAT,LATIN,Ocimum frutescens L.
692816,SYN_UNK,UNK,Melissa cretica [Soland.]
692816,SYN_UNK,UNK,Perilla frutescens var. laviniata W.Mill. & L.H.Bailey
692887,CANON_LAT,LATIN,Persea americana
692887,SYN_LAT,LATIN,Persea americana var. americana
692918,CANON_LAT,LATIN,Persea gratissima
692918,SYN_LAT,LATIN,Persea americana Mill.
692968,CANON_LAT,LATIN,Phalaris canariensis
692968,SYN_LAT,LATIN,Phalaris aquatica Delile ex Boiss.
692993,CANON_LAT,LATIN,Pharbitis hederecea
693018,CANON_LAT,LATIN,Phaseolus angularis
693018,SYN_UNK,UNK,Vigna angularis (Willd.) Ohwi & H.Ohashi
693057,CANON_LAT,LATIN,Phaseolus coccineus
693057,SYN_LAT,LATIN,Lipusa formosa (Kunth) Alef.
693095,CANON_LAT,LATIN,Phaseolus cylindricus
693120,CANON_LAT,LATIN,Phellodendron chinense
693120,SYN_LAT,LATIN,Phellodendron chinense var. chinense
693145,CANON_LAT,LATIN,Phlebodium aureum
693145,SYN_LAT,LATIN,Chrysopteris aurea Link
693175,CANON_LAT,LATIN,Phyllantus emblica
693200,CANON_LAT,LATIN,Phyllostachys edulis
693225,CANON_LAT,LATIN,Phyllostachys pubescens
693225,SYN_LAT,LATIN,Phyllostachys edulis J.Houz.
693261,CANON_LAT,LATIN,Physalis peruviana
693261,SYN_LAT,LATIN,Alkekengi pubescens Moench
693299,CANON_LAT,LATIN,Physocaulon nodosum
693324,CANON_LAT,LATIN,Picea abies
693324,SYN_LAT,LATIN,Abies abies Druce
693354,CANON_EN,UNK,Pinitol
693383,CANON_LAT,LATIN,Pinus balsamea
693408,CANON_LAT,LATIN,Pinus koraiensis
693408,SYN_UNK,UNK,Apinus koraiensis (Siebold & Zucc.) Moldenke
693444,CANON_LAT,LATIN,Pinus pinaster
693444,SYN_LAT,LATIN,Pinus corteana hort. ex Beissn.
693482,CANON_LAT,LATIN,Pinus sibirica
693482,SYN_LAT,LATIN,Abies sibirica Ledeb.
693518,CANON_LAT,LATIN,Pinus sylvestris
693518,SYN_LAT,LATIN,Pinus borealis Salisb.
693548,CANON_LAT,LATIN,Piper nigrum
693548,SYN_LAT,LATIN,Muldera multinervis Miq.
693587,CANON_LAT,LATIN,Pistacia lentiscus
693637,CANON_LAT,LATIN,Plantago afra
693637,SYN_LAT,LATIN,Plantago afra var. parviflora (Desf.) Lewalle
693637,SYN_LAT,LATIN,Plantago cynops L.
693637,SYN_LAT,LATIN,Plantago parviflora Desf.
693637,SYN_LAT,LATIN,Plantago pseudopsyllium Desf.
693637,SYN_LAT,LATIN,Psyllium afrum (L.) Mirb.
693662,CANON_LAT,LATIN,Plantago indica
693662,SYN_LAT,LATIN,Plantago annua (Thuill.) Rauschert
693662,SYN_LAT,LATIN,Plantago arenaria f. rossica Tuzs.
693662,SYN_LAT,LATIN,Plantago arenaria var. divaricata Boiss.
693662,SYN_LAT,LATIN,Plantago arenaria var. garganica Ten.
693662,SYN_LAT,LATIN,Plantago arenaria var. rossica (Tuzson) Lewalle
693662,SYN_LAT,LATIN,Plantago indica var. rossica Pilg.
693662,SYN_LAT,LATIN,Plantago italica S.G.Gmel. ex Steud.
693662,SYN_LAT,LATIN,Plantago latifolia Wissjul.
693662,SYN_LAT,LATIN,Plantago psyllium L.
693662,SYN_LAT,LATIN,Plantago ramosa Asch.
693662,SYN_LAT,LATIN,Plantago ruthenica Adams ex Decne.
693662,SYN_LAT,LATIN,Plantago scabra Moench
693662,SYN_LAT,LATIN,Psyllium annuum Thuill.
693662,SYN_LAT,LATIN,Psyllium erectum Dum.Cours.
693662,SYN_LAT,LATIN,Psyllium indicum (L.) Mirb.
693662,SYN_LAT,LATIN,Psyllium indicum Dum.Cours.
693662,SYN_LAT,LATIN,Psyllium ramosum Gilib.
693662,SYN_LAT,LATIN,Psyllium scabrum (Moench) Holub
693662,SYN_UNK,UNK,Plantago arenaria Waldst. & Kit.
693662,SYN_UNK,UNK,Plantago arenaria subsp. orientalis (Soják) Greuter & Burdet
693662,SYN_UNK,UNK,Plantago indica subsp. orientalis Soó
693662,SYN_UNK,UNK,Plantago psyllia St.-Lag.
693662,SYN_UNK,UNK,Plantago scabra subsp. orientalis (Soják) Tzvelev
693662,SYN_UNK,UNK,Psyllium arenarium (Waldst. & Kit.) Mirb.
693662,SYN_UNK,UNK,Psyllium arenarium subsp. orientale (Soó) Soják
693662,SYN_UNK,UNK,Psyllium indicum subsp. orientale Soják
693662,SYN_UNK,UNK,Psyllium scabrum subsp. orientale (Soó) Holub
693724,CANON_LAT,LATIN,Plantago maritima
693749,CANON_LAT,LATIN,Plantago ovata
693749,SYN_LAT,LATIN,Plantago brunnea E.Morris
693749,SYN_LAT,LATIN,Plantago ispaghula Roxb.
693830,CANON_LAT,LATIN,Pleurotus eryngii (dehydrated mycelium powder)
693855,CANON_LAT,LATIN,Pleurotus ostreatus
693919,CANON_EN,UNK,Polyacetyl-glucosamine
693955,CANON_EN,UNK,Polydextrose
693980,CANON_LAT,LATIN,Polymnia edulis
694005,CANON_LAT,LATIN,Polymnia sonchifolia
694030,CANON_LAT,LATIN,Polypodium aureum
694055,CANON_LAT,LATIN,Polypodium leucotomos
694080,CANON_LAT,LATIN,Polyporus umbellatus (dehydrated mycelium powder)
694105,CANON_LAT,LATIN,Polyporus versicolor
694187,CANON_LAT,LATIN,Portulaca oleracea
694187,SYN_LAT,LATIN,Portulaca consanguinea Schltdl.
694226,CANON_LAT,LATIN,Pouteria lucuma
694276,CANON_LAT,LATIN,Product made from the seed coats of chickpeas and maize dextrin
694326,CANON_LAT,LATIN,Prunus cerasifera
694326,SYN_LAT,LATIN,Cerasus myrobalanos hort.
694403,CANON_LAT,LATIN,Prunus salicina
694403,SYN_UNK,UNK,Prunus botan André
694440,CANON_LAT,LATIN,Prunus spinosa
694440,SYN_LAT,LATIN,Druparia spinosa Clairv.
694479,CANON_LAT,LATIN,Pseudotsuga menziesii
694504,CANON_LAT,LATIN,Psidium guineense
694536,CANON_LAT,LATIN,Ptychopetalum olacoides
694568,CANON_LAT,LATIN,Pueraria montana var. lobata
694568,SYN_LAT,LATIN,Pueraria lobata (Willd.) Ohwi
694600,CANON_LAT,LATIN,Pueraria mirifica
694628,CANON_LAT,LATIN,Pueraria thunbergiana
694653,CANON_LAT,LATIN,Punica granatum L.
694653,SYN_LAT,LATIN,Punica florida Salisb.
694694,CANON_LAT,LATIN,Pyrethrum parthenium
694719,CANON_EN,UNK,Quercetin-zein
694744,CANON_LAT,LATIN,Quercus robur L.
694769,CANON_LAT,LATIN,Raphanus sativus
694794,CANON_LAT,LATIN,Rauwolfia vomitoria
694828,CANON_LAT,LATIN,Red clay sea salt
694878,CANON_EN,UNK,Resveratrol
694903,CANON_EN,UNK,Rhamnogalacturonan-rich pectin hydrolysate
694928,CANON_LAT,LATIN,Rhaponticum carthamoides (Willd.) Iljin
694928,SYN_LAT,LATIN,Leuzea carthamoides (Willd.) DC.
694953,CANON_LAT,LATIN,Rheum rhabarbarum L.
694978,CANON_EN,UNK,Rhodiola Rosea
695043,CANON_EN,UNK,Ribose
695130,CANON_LAT,LATIN,Rooster comb extract
695155,CANON_LAT,LATIN,Rorippia nasturtium-aquatica
695155,SYN_LAT,LATIN,Nasturtium officinale
695180,CANON_LAT,LATIN,Rosa canina
695219,CANON_LAT,LATIN,Rosa moschata
695257,CANON_LAT,LATIN,Rosa rubiginosa
695282,CANON_LAT,LATIN,Rosa rugosa
695282,SYN_LAT,LATIN,Rosa andreae Lange
695307,CANON_LAT,LATIN,Rozites caperatus
695307,SYN_LAT,LATIN,Cortinarius caperatus
695368,CANON_LAT,LATIN,Rubus chamaemorus
695408,CANON_LAT,LATIN,Rubus glaucus Benth.
695433,CANON_LAT,LATIN,Rubus suavissimus
695433,SYN_LAT,LATIN,Rubus chingii var. suavissimus (S.K.Lee) L.T.Lu
695461,CANON_LAT,LATIN,Rumex acetosa
695486,CANON_LAT,LATIN,Rumex crispus
695511,CANON_LAT,LATIN,Rumex rugosus
695511,SYN_LAT,LATIN,Rumex acetosa
695549,CANON_LAT,LATIN,Ruscus aculeatus
695549,SYN_LAT,LATIN,Oxymyrsine pungens Bubani
695590,CANON_LAT,LATIN,Russula claroflava
695619,CANON_LAT,LATIN,Russula decolorans
695648,CANON_LAT,LATIN,Russula paludosa
695677,CANON_LAT,LATIN,Russula vinosa
695677,SYN_LAT,LATIN,Russula obscura
695707,CANON_EN,UNK,Rutin
695742,CANON_LAT,LATIN,Saba senegalensis (A.DC.) Pichon.
695767,CANON_LAT,LATIN,Saccharina latissima
695767,SYN_UNK,UNK,Fucus saccharinus Linnaeus 1753
695767,SYN_UNK,UNK,Laminaria saccharina (Linnaeus) J.V.Lamouroux 1813
695767,SYN_UNK,UNK,Phycoseris latissima (Linnaeus) Fraudenfeld 1854
695767,SYN_UNK,UNK,Ulva fusca Hudson 1778
695767,SYN_UNK,UNK,Ulva lactuca var. latissima (Linnaeus) A.P.De Candolle 1805
695767,SYN_UNK,UNK,Ulva latissima Gunnerus 1766
695767,SYN_UNK,UNK,Ulva latissima Linnaeus 1753
695767,SYN_UNK,UNK,Ulva longissima Gunnerus 1776
695767,SYN_UNK,UNK,Ulva maxima Gunnerus 1776
695792,CANON_LAT,LATIN,Saccharomyces cerevisiae
695817,CANON_LAT,LATIN,Salacia reticulata
695842,CANON_LAT,LATIN,Salicornia europea
695842,SYN_LAT,LATIN,Salicornia annua Sm.
695842,SYN_LAT,LATIN,Salicornia biennis Afzel. ex Sm.
695842,SYN_LAT,LATIN,Salicornia herbacea L.
695842,SYN_LAT,LATIN,Salicornia simonkaiana Soo
695842,SYN_LAT,LATIN,Salicornia stricta Dumort
695842,SYN_UNK,UNK,Salicornia brachystachya (G.Mey.) D.König
695909,CANON_LAT,LATIN,Salvia miltiorrhiza
695939,CANON_LAT,LATIN,Sanguisorba minor
695939,SYN_LAT,LATIN,Poterium sanguisorba L.
695964,CANON_LAT,LATIN,Satureja hortensis L.
696005,CANON_LAT,LATIN,Schinus terebinthifolius
696041,CANON_LAT,LATIN,Schisandra chinensis
696041,SYN_LAT,LATIN,Kadsura chinensis Turcz
696041,SYN_LAT,LATIN,Maximowiczia amurensis Rupr.
696041,SYN_LAT,LATIN,Maximowiczia chinensis (Turcz.) Rupr.
696041,SYN_LAT,LATIN,Maximowiczia japonica (A.Gray) K.Koch
696041,SYN_LAT,LATIN,Schisandra nigra f. viridicarpa (Y.N.Lee) M.Kim
696041,SYN_LAT,LATIN,Sphaerostema japonicum A.Gray
696041,SYN_UNK,UNK,Schisandra chinensis var. leucocarpa P.H.Huang & L.H.Zhuo
696041,SYN_UNK,UNK,Schisandra japonica (Siebold. & Zucc. ex A. Gray) Hance.
696076,CANON_LAT,LATIN,Schizonepeta tenuifolia
696101,CANON_LAT,LATIN,Sclerocarya birrea
696101,SYN_LAT,LATIN,Spondias birrea (A. Rich.)
696101,SYN_UNK,UNK,Poupartia birrea (A. Rich.) Aubrév
696134,CANON_LAT,LATIN,Sedum telephium
696159,CANON_LAT,LATIN,Selenicerus megalanthus
696184,CANON_LAT,LATIN,Senna alexandrina
696184,SYN_LAT,LATIN,Cassia acutifolia Delile
696184,SYN_LAT,LATIN,Cassia alexandrina (Garsault) Thell.
696184,SYN_LAT,LATIN,Cassia angustifolia M.Vahl
696184,SYN_LAT,LATIN,Cassia senna L.
696184,SYN_LAT,LATIN,Senna acutifolia (Delile) Batka
696184,SYN_LAT,LATIN,Senna alexandrina Garsault
696184,SYN_LAT,LATIN,Senna angustifolia (Vahl) Batka
696211,CANON_EN,UNK,Serratiopeptidase
696211,SYN_UNK,UNK,Serratia E-15 protease
696211,SYN_UNK,UNK,serralysin
696211,SYN_UNK,UNK,serrapeptase
696211,SYN_UNK,UNK,serrapeptidase
696211,SYN_UNK,UNK,serratia peptidase
696211,SYN_UNK,UNK,serratiapeptase
696211,SYN_UNK,UNK,serratio peptidase
696236,CANON_LAT,LATIN,Sesamum indicum
696236,SYN_LAT,LATIN,Dysosmon amoenum Raf.
696236,SYN_LAT,LATIN,Sesamum africanum Tod.
696236,SYN_LAT,LATIN,Sesamum oleiferum Sm.
696236,SYN_LAT,LATIN,Sesamum orientale L.
696236,SYN_LAT,LATIN,Volkameria orientalis (L.) Kuntze
696236,SYN_UNK,UNK,Sesamum occidentalis Heer & Regel
696310,CANON_LAT,LATIN,Silybum marianum
696310,SYN_LAT,LATIN,Carduus marianus L.
696341,CANON_LAT,LATIN,Sinapsis arvensis L.
696366,CANON_LAT,LATIN,Sinocalamus oldhamii
696366,SYN_LAT,LATIN,Arundarbor oldhamii (Munro) Kuntze
696366,SYN_LAT,LATIN,Bambusa atrovirens T.H.Wen
696366,SYN_LAT,LATIN,Bambusa oldhamii (Munro)
696366,SYN_LAT,LATIN,Dendrocalamopsis atrovirens (T.H.Wen) Keng f. ex W.T.Lin
696366,SYN_LAT,LATIN,Dendrocalamopsis oldhamii (Munro) Keng f.
696366,SYN_LAT,LATIN,Leleba oldhamii (Munro) Nakai
696366,SYN_LAT,LATIN,Sinocalamus oldhamii (Munro) McClure
696366,SYN_UNK,UNK,Bambusa revoluta (W.T.Lin & J.Y.Lin) N.H.Xia
696366,SYN_UNK,UNK,Neosinocalamus revolutus (W.T.Lin & J.Y.Lin) T.H.Wen
696366,SYN_UNK,UNK,R.H.Wang & R.S.Lin
696401,CANON_LAT,LATIN,Siraitia grosvenorii
696401,SYN_LAT,LATIN,Momordica grosvenorii Swingle
696401,SYN_LAT,LATIN,Thladiantha grosvenorii (Swingle) C.Jeffrey
696431,CANON_LAT,LATIN,Smallanthus sonchifolius
696431,SYN_LAT,LATIN,Polymnia edulis Wedd
696431,SYN_LAT,LATIN,Polymnia sonchifolia Poepp.
696431,SYN_UNK,UNK,Helianthus esculentus Warsz. ex Otto & Dietr.
696458,CANON_LAT,LATIN,Smilax officinalis
696458,SYN_LAT,LATIN,Smilax longifolia Rich.
696498,CANON_LAT,LATIN,Sodium hyaluronate produced by fermentation process
696523,CANON_EN,UNK,Sodium/magnesium/calcium salts of betahydroxybutyrate
696523,SYN_UNK,UNK,Sodium/Magnesium/calcium 3-hydroxybutyrate
696548,CANON_LAT,LATIN,Solanum angulatum
696573,CANON_LAT,LATIN,Solanum hirsutissimum
696598,CANON_LAT,LATIN,Solanum lycopersicum
696623,CANON_LAT,LATIN,Solanum muricatum
696623,SYN_LAT,LATIN,Solanum guatemalense Hort.
696623,SYN_LAT,LATIN,Solanum hebephorum Dunal
696623,SYN_LAT,LATIN,Solanum melaniferum Moric. ex Dunal
696623,SYN_LAT,LATIN,Solanum muricatum f. glaberrimum Correll
696623,SYN_LAT,LATIN,Solanum muricatum var. dissectum Dunal
696623,SYN_LAT,LATIN,Solanum muricatum var. papillosistylum Bitter
696623,SYN_LAT,LATIN,Solanum muricatum var. parvifolium Kunth
696623,SYN_LAT,LATIN,Solanum muricatum var. popayanum Bitter
696623,SYN_LAT,LATIN,Solanum muricatum var. praecedens Bitter
696623,SYN_LAT,LATIN,Solanum muricatum var. protogenum Bitter
696623,SYN_LAT,LATIN,Solanum muricatum var. teleutogenum Bitter
696623,SYN_LAT,LATIN,Solanum saccianum Naudin
696623,SYN_LAT,LATIN,Solanum scabrum Lam.
696623,SYN_UNK,UNK,Solanum longifolium Sessé & Moc.
696623,SYN_UNK,UNK,Solanum pedunculatum Roem. & Schult.
696623,SYN_UNK,UNK,Solanum saccianum Carrière & André
696623,SYN_UNK,UNK,Solanum variegatum Ruiz & Pav.
696623,SYN_UNK,UNK,Solanum wallisii Carrière
696695,CANON_LAT,LATIN,Sorbus aucuparia
696733,CANON_LAT,LATIN,Sorghum bicolor
696772,CANON_EN,UNK,Phosphatidylserine
696805,CANON_EN,UNK,"Spent coffee grounds, defatted spent coffee grounds and defatted unused coffee grounds"
696830,CANON_LAT,LATIN,Sphaerotrichia divaricata
696856,CANON_EN,UNK,Sphingolipids
696914,CANON_LAT,LATIN,Spleen peptides
696939,CANON_EN,UNK,Splenopentin
696969,CANON_LAT,LATIN,Spondias lutea
696994,CANON_LAT,LATIN,Spondias mombin
696994,SYN_LAT,LATIN,Spondias lutea L.
697019,CANON_LAT,LATIN,Spondias purpurea
697019,SYN_LAT,LATIN,Spondias cirouella Tussac
697056,CANON_EN,UNK,Stachyose
697088,CANON_LAT,LATIN,Stachys affinis
697088,SYN_LAT,LATIN,Stachys aegyptiaca Pers.
697127,CANON_LAT,LATIN,Stachys sieboldii
697152,CANON_LAT,LATIN,Stellaria media (L.) Vill.
697178,CANON_LAT,LATIN,Stemmacantha carthamoides
697178,SYN_LAT,LATIN,Leuzea carthamoides (Willd.) DC.
697262,CANON_LAT,LATIN,Suaeda maritima L.
697287,CANON_LAT,LATIN,Suillus luteus
697287,SYN_LAT,LATIN,Boletopsis lutea (L.) Henn.
697287,SYN_LAT,LATIN,Boletus luteus L.
697287,SYN_LAT,LATIN,Boletus volvatus Batsch
697287,SYN_LAT,LATIN,Cricunopus luteus (L.) P. Karst.
697287,SYN_UNK,UNK,Ixocomus luteus (L.) Quél.
697287,SYN_UNK,UNK,Viscipellis luteus (L.) Quél.
697325,CANON_LAT,LATIN,Suillus variegatus
697325,SYN_LAT,LATIN,Boletus squalidus Fr.
697325,SYN_LAT,LATIN,Boletus variegatus Sw.
697325,SYN_UNK,UNK,Ixocomus variegatus (Sw.) Quél.
697325,SYN_UNK,UNK,Versipellis variegata (Swartz) Quél.
697325,SYN_UNK,UNK,Versipellis variegata var. variegata (Sw.) Quél.
697354,CANON_LAT,LATIN,Synsepalum dulcificum
697379,CANON_LAT,LATIN,Syringa vulgaris
697404,CANON_LAT,LATIN,Syzygium jambos
697441,CANON_LAT,LATIN,Tagetes tenuifolia Cav.
697466,CANON_LAT,LATIN,Tamarindus indica
697466,SYN_LAT,LATIN,Cavaraea elegans Speg.
697466,SYN_LAT,LATIN,Tamarindus officinalis Hook
697526,CANON_LAT,LATIN,Taraxacum officinale
697526,SYN_LAT,LATIN,Chondrilla taraxacum (L.) Stokes
697565,CANON_LAT,LATIN,Taraxacum vulgare
697590,CANON_LAT,LATIN,Terminalia arjuna
697590,SYN_LAT,LATIN,Myrobalanus cuneata Kuntze
697624,CANON_LAT,LATIN,Terminalia chebula
697624,SYN_LAT,LATIN,Buceras chebula (Retz.) A.Lyons
697714,CANON_LAT,LATIN,Theobroma cacao
697750,CANON_LAT,LATIN,Theobroma grandiflorum
697750,SYN_LAT,LATIN,Bubroma grandiflorum Willd. ex Spreng.
697783,CANON_LAT,LATIN,Thermopsis lanceolata
697808,CANON_EN,UNK,Thymopentin
697840,CANON_LAT,LATIN,Thyrsostachys siamensis
697840,SYN_LAT,LATIN,Bambusa regia Thomson ex Munro
697840,SYN_LAT,LATIN,Bambusa siamensis Kurz ex Munro
697840,SYN_LAT,LATIN,Thyrsostachys regia (Munro) Bennet
697902,CANON_LAT,LATIN,Tinospora cordifolia
697927,CANON_LAT,LATIN,Torula yeast (Cyberlindnera jadinii) biomass
697952,CANON_LAT,LATIN,Tragopogon porrifolius
697952,SYN_LAT,LATIN,Tragopogon porrifolius f. porrifolius
697991,CANON_LAT,LATIN,Trametes versicolor
697991,SYN_LAT,LATIN,Agaricus versicolor (L.) Lam.
697991,SYN_LAT,LATIN,Bjerkandera versicolor (L.) P. Karst.
697991,SYN_LAT,LATIN,Boletus atrofuscus Schaeff.
697991,SYN_LAT,LATIN,Boletus cyaneus Pers.
697991,SYN_LAT,LATIN,Boletus suberosus Batsch
697991,SYN_LAT,LATIN,Boletus versicolor L.
697991,SYN_LAT,LATIN,Cellularia cyathiformis Bull.
697991,SYN_LAT,LATIN,Hansenia versicolor (L.) P. Karst.
697991,SYN_LAT,LATIN,Microporus versicolor (L.) Kuntze
697991,SYN_LAT,LATIN,Polyporus antarcticus Speg.
697991,SYN_LAT,LATIN,Polyporus apophysatus Rostk.
697991,SYN_LAT,LATIN,Polyporus caesioglaucus Cooke
697991,SYN_LAT,LATIN,Polyporus carpineus Velen.
697991,SYN_LAT,LATIN,Polyporus cristulatus Speg.
697991,SYN_LAT,LATIN,Polyporus fuscatus Fr.
697991,SYN_LAT,LATIN,Polyporus hirsutulus Schwein
697991,SYN_LAT,LATIN,Polyporus irpiciformis Velen.
697991,SYN_LAT,LATIN,Polyporus luteovelutinus Bres.
697991,SYN_LAT,LATIN,Polyporus nigricans Lasch
697991,SYN_LAT,LATIN,Polyporus nummularius Pers.
697991,SYN_LAT,LATIN,Polyporus picicola Velen.
697991,SYN_LAT,LATIN,Polyporus pictilis Berk.
697991,SYN_LAT,LATIN,Polyporus reisneri Velen.
697991,SYN_LAT,LATIN,Polyporus rohlenae Velen.
697991,SYN_LAT,LATIN,Polyporus versicolor (L.) Fr.
697991,SYN_LAT,LATIN,Polyporus versicolor var. cyaneus Velen.
697991,SYN_LAT,LATIN,Polyporus versicolor var. productus Velen.
697991,SYN_LAT,LATIN,Polyporus versicolor var. rosiphilus Velen.
697991,SYN_LAT,LATIN,Polyporus vitellinus Velen.
697991,SYN_LAT,LATIN,Polystictus azureus Fr.
697991,SYN_LAT,LATIN,Polystictus doidgeae Lloyd
697991,SYN_LAT,LATIN,Polystictus doidgei Lloyd
697991,SYN_LAT,LATIN,Polystictus neaniscus Berk. ex Cooke
697991,SYN_LAT,LATIN,Polystictus versicolor (L.) Fr.
697991,SYN_LAT,LATIN,Poria versicolor (L.) Scop.
697991,SYN_LAT,LATIN,Sistotrema versicolor (L.) Tratt.
697991,SYN_UNK,UNK,Agarico-suber versicolor (L.) Paulet
697991,SYN_UNK,UNK,Coriolus versicolor (L.) Quél.
697991,SYN_UNK,UNK,Polyporus pectunculus Lév.
697991,SYN_UNK,UNK,Polyporus subflavus Lév.
697991,SYN_UNK,UNK,Polystictoides castaneicola Lázaro Ibiza
697991,SYN_UNK,UNK,Polystictoides castanicola Lázaro Ibiza
697991,SYN_UNK,UNK,Polystictus corylicola Lázaro Ibiza
697991,SYN_UNK,UNK,Polystictus inversus Lázaro Ibiza
698024,CANON_LAT,LATIN,Trapa natans
698024,SYN_LAT,LATIN,Trapa acicularis V.N.Vassil.
698063,CANON_LAT,LATIN,Tribulus terrestris
698063,SYN_LAT,LATIN,Tribulus lanuginosus L.
698099,CANON_LAT,LATIN,Tricholoma matsutake
698099,SYN_UNK,UNK,Armillaria matsutake S. Ito & S. Imai
698099,SYN_UNK,UNK,Tricholoma nauseosum (A. Blytt) Kytöv.
698131,CANON_LAT,LATIN,Trifolium pratense
698131,SYN_LAT,LATIN,Trifolium borysthenicum Gruner
698131,SYN_LAT,LATIN,Triglochin maritima f. maritima
698169,CANON_LAT,LATIN,Triglochin maritima L.
698194,CANON_LAT,LATIN,Trigonella foenum-graecum
698194,SYN_LAT,LATIN,Buceras foenum-graecum (L.)
698260,CANON_LAT,LATIN,Triticum aestivum
698260,SYN_LAT,LATIN,Cardamindum majus Moench
698287,CANON_LAT,LATIN,Tropaeolum majus L.
698343,CANON_LAT,LATIN,Ulmus rubra
698343,SYN_LAT,LATIN,Ulmus americana var. rubra (Muhl.) Aiton
698343,SYN_LAT,LATIN,Ulmus crispa Willd.
698343,SYN_LAT,LATIN,Ulmus fulva Michx.
698343,SYN_LAT,LATIN,Ulmus pendula Willd.
698343,SYN_LAT,LATIN,Ulmus pubescens Walter
698368,CANON_LAT,LATIN,Ulva lactuca
698368,SYN_UNK,UNK,Monostroma lactuca (Linnaeus) J.Agardh 1883
698368,SYN_UNK,UNK,Phyllona lactuca (Linnaeus) F.H.Wiggers 1780
698398,CANON_LAT,LATIN,Uncaria surinamensi
698423,CANON_LAT,LATIN,Uncaria tomentosa
698423,SYN_LAT,LATIN,Nauclea aculeata Kunth
698423,SYN_LAT,LATIN,Nauclea tomentosa Willd.
698423,SYN_LAT,LATIN,Uncaria surinamensis Miq..
698462,CANON_LAT,LATIN,Undaria pinnatifida
698462,SYN_LAT,LATIN,Undaria pinnatifida f. subflabellata Suringar null
698462,SYN_UNK,UNK,Alaria amplexicaulis Martens 1866
698462,SYN_UNK,UNK,Alaria pinnatifida Harvey 1860
698462,SYN_UNK,UNK,Ulopteryx pinnatifida (Harvey) Kjellman 1885
698535,CANON_LAT,LATIN,Vaccinium macrocarpon
698535,SYN_LAT,LATIN,Oxycoca macrocarpa (Aiton) Raf.
698574,CANON_LAT,LATIN,Vaccinium myrtillus
698574,SYN_LAT,LATIN,Vaccinium oreophilum Rydb.
698574,SYN_UNK,UNK,Vitis-idaea myrtillus (L.) Moench
698619,CANON_LAT,LATIN,Vaccinium oxycoccus
698619,SYN_LAT,LATIN,Vaccinium oxycoccos f. leucanthum (T.Shimizu) Yonek.
698659,CANON_LAT,LATIN,Vaccinium uliginosum
698698,CANON_LAT,LATIN,Vaccinium vitis-idaea
698698,SYN_LAT,LATIN,Rhodococcum vitis-idaea (L.) Avrorin
698851,CANON_LAT,LATIN,Vigna subterranea
698885,CANON_LAT,LATIN,Vigna unguiculata
698927,CANON_LAT,LATIN,Viola tricolor
698927,SYN_LAT,LATIN,Jacea tricolor (L.) Opiz
698952,CANON_LAT,LATIN,Viscum album
698952,SYN_LAT,LATIN,Viscum album var. Album
698981,CANON_LAT,LATIN,Vitellaria paradoxa
699077,CANON_LAT,LATIN,Wasabia japonica
699077,SYN_LAT,LATIN,Eutrema japonicum (Miq.) Koidz
699102,CANON_LAT,LATIN,Whey treated with UV radiation
699127,CANON_LAT,LATIN,Withania somnifera
699127,SYN_LAT,LATIN,Physalis somnifera L.
699162,CANON_LAT,LATIN,Xanthoparmelia scabrosa
699190,CANON_LAT,LATIN,Xanthosoma sagittifolium
699215,CANON_LAT,LATIN,Xanthosoma violaceum Schott
699265,CANON_LAT,LATIN,Zea mays
699265,SYN_LAT,LATIN,Mays vulgaris Ser.
699265,SYN_LAT,LATIN,Mayzea vestita Raf.
699265,SYN_LAT,LATIN,Zea alba Mill.
699303,CANON_EN,UNK,Zeolite
699353,CANON_LAT,LATIN,Zizania aquatica
699391,CANON_LAT,LATIN,Zizania palustris
699417,CANON_LAT,LATIN,Ziziphus jujuba
699417,SYN_LAT,LATIN,Ziziphus vulgaris Lam.
699417,SYN_LAT,LATIN,Ziziphus zizyphus (L.) H. Karst.
699462,CANON_LAT,LATIN,Ziziphus vulgaris
699487,CANON_LAT,LATIN,Ziziphus zizyphus
700141,CANON_LAT,LATIN,Abelmoschus esculentus
700141,SYN_LAT,LATIN,Hibiscus esculentus L.
700224,CANON_LAT,LATIN,Abies alba
700224,SYN_LAT,LATIN,Abies pectinata (Lam.) DC.
700382,CANON_LAT,LATIN,Acacia senegal
700382,SYN_LAT,LATIN,Senegalia senegal (L.) Britton
701513,CANON_LAT,LATIN,Aloe barbadensis
701513,SYN_LAT,LATIN,Aloe chinensis BAK
701513,SYN_UNK,UNK,aloe ferox Mill.
702102,CANON_EN,UNK,Bambusa spp.
702102,SYN_UNK,UNK,Bamboo (EN) (PT)
702102,SYN_UNK,UNK,Bambuss (LV)
702102,SYN_UNK,UNK,bamboe (NL)
702102,SYN_UNK,UNK,bambu (FI) (SE)
702102,SYN_UNK,UNK,bambus (DE)
702102,SYN_UNK,UNK,bambus (PL) (ET) (CZ) (SL)
702102,SYN_UNK,UNK,bambusz (HU)
702102,SYN_UNK,UNK,bambú (ES)
702102,SYN_UNK,UNK,Μπαμπού (EL)
702387,CANON_LAT,LATIN,Bixa orellana
702916,CANON_LAT,LATIN,Chenopodium pallidicaule
702916,SYN_LAT,LATIN,Chenopodium canihua
703136,CANON_LAT,LATIN,Chrysanthemum morifolium
703753,CANON_LAT,LATIN,Colocasia esculenta
703753,SYN_LAT,LATIN,Colocasia antiquorum f. acuatica Makino
704292,CANON_LAT,LATIN,Crepidula fornicata
704361,CANON_LAT,LATIN,Crocodylus nilotikus
704601,CANON_LAT,LATIN,Cinnamomum zeylanicum
712350,CANON_LAT,LATIN,Epimedium macranthum
712565,CANON_LAT,LATIN,Eriobotrya japonica
712565,SYN_LAT,LATIN,Crataegus bibas Lour.
713399,CANON_LAT,LATIN,Lama glama
713628,CANON_LAT,LATIN,Ferula hermonis
716621,CANON_LAT,LATIN,Viola cornuta
716621,SYN_LAT,LATIN,Mnemion cornutum Spach
717006,CANON_LAT,LATIN,Hieracium pilosella
717006,SYN_LAT,LATIN,Pilosella officinarum Vaill.
717860,CANON_LAT,LATIN,Dimorphandra mollis
717914,CANON_EN,UNK,Hydrocotyle asiática
727441,CANON_LAT,LATIN,Tanacetum parthenium
730280,CANON_LAT,LATIN,Adansonia digitata
730280,SYN_UNK,UNK,Affenbrotbäume (DE)
730280,SYN_UNK,UNK,abre bouteille (FR)
730280,SYN_UNK,UNK,apenbroodboom (NL)
730280,SYN_UNK,UNK,"baobab (ENG, FR, NL)"
730280,SYN_UNK,UNK,árbol botella (ES)
733331,CANON_LAT,LATIN,Cistanche deserticola
739056,CANON_LAT,LATIN,Phymatolithon calcareum
739056,SYN_UNK,UNK,Lithophyllum calcareum (Pallas) Foslie 1898
739056,SYN_UNK,UNK,Lithothamnion calcareum (Pallas) J.E.Areschoug 1852
739056,SYN_UNK,UNK,Melobesia calcarea (Pallas) Harvey 1849
739056,SYN_UNK,UNK,Millepora calcarea Pallas 1766
739056,SYN_UNK,UNK,Nullipora calcareum (Pallas) Lamarck 1801
739056,SYN_UNK,UNK,Paraspora calcarea (Pallas) Heydrich 1908
739056,SYN_UNK,UNK,Spongites calcareus (Pallas) Kützing 1849
742481,CANON_EN,UNK,Beta-galactosidase from Aspergillus oryzae
1447861,CANON_LAT,LATIN,Zanthoxylum piperitum
1447901,CANON_LAT,LATIN,Chrysanthemum parthenium
1447901,SYN_LAT,LATIN,Tanacetum parthenium (L.) Sch.Bip.
1449120,CANON_EN,UNK,Casein hydrolysate containing elevated levels of the tri-peptides; L-valyl-L-prolyl-L-proline (VPP) and L-isoleucyl-L-prolyl-L-proline (IPP)
1449170,CANON_LAT,LATIN,Coprinus comatus
1449195,CANON_LAT,LATIN,Fermented wheat germ extract
1449541,CANON_LAT,LATIN,Turnera diffusa
1449541,SYN_LAT,LATIN,Turnera aphrodisiaca Ward
1451029,CANON_LAT,LATIN,Hoodia parviflora N.E.Br.
1457584,CANON_LAT,LATIN,Arctium lappa
1457584,SYN_LAT,LATIN,Arcion majus Bubani
1461013,CANON_LAT,LATIN,Lactarius deterrimus
1461722,CANON_LAT,LATIN,Urtica dioica
1461722,SYN_LAT,LATIN,Urtica galeopsifolia Wierzb. ex Opiz
1461722,SYN_LAT,LATIN,Urtica tibetica W.T. Wang
1462401,CANON_LAT,LATIN,Vigna catjang
1462426,CANON_LAT,LATIN,Vigna sinensis
1462485,CANON_LAT,LATIN,Volvariella volvacea
1462485,SYN_LAT,LATIN,Agaricus virgatus Pers.
1462485,SYN_LAT,LATIN,Agaricus volvaceus Bull.
1462485,SYN_LAT,LATIN,Volvaria volvacea (Bull.) P. Kumm.
1462485,SYN_LAT,LATIN,Volvariopsis volvacea (Bull.) Murrill
1462962,CANON_LAT,LATIN,Myrciaria divaricata
1464463,CANON_LAT,LATIN,Garcinia gummi-gutta (L.) N.Robson
1464463,SYN_LAT,LATIN,Garcinia cambogia
1464488,CANON_LAT,LATIN,Gigantochloa albociliata
1464488,SYN_LAT,LATIN,Oxytenanthera albociliata
1464879,CANON_LAT,LATIN,Helianthus annuus L.
1464879,SYN_LAT,LATIN,Helianthus annuus f. annuus
1464926,CANON_LAT,LATIN,Creatine monohydrate
1464976,CANON_LAT,LATIN,Quercus rotundifolia Lam.
1465238,CANON_LAT,LATIN,Richeria grandis
1468093,CANON_LAT,LATIN,Pyropia tenera
1468093,SYN_UNK,UNK,Neopyropia tenera (Kjellman) L.-E.Yang & J.Brodie 2020
1468093,SYN_UNK,UNK,Phyllona tenera (Kjellman) Kuntze 1898
1468093,SYN_UNK,UNK,Porphyra tenera Kjellman 1897
1468093,SYN_UNK,UNK,Porphyra tenera f. typica Ueda 1932
1469580,CANON_LAT,LATIN,Valerianella locusta
1472343,CANON_LAT,LATIN,Ficus carica
1479813,CANON_LAT,LATIN,Fish oil
1480310,CANON_LAT,LATIN,Frangula alnus
1480310,SYN_LAT,LATIN,Frangula dodonei Ard.
1480310,SYN_LAT,LATIN,Rhamnus frangula L.
1481621,CANON_LAT,LATIN,Armoracia rusticana
1553231,CANON_EN,UNK,"Aquafaba (""chickpea water"")"
1553305,CANON_LAT,LATIN,Secale cereale
1553424,CANON_EN,UNK,fish oil VLCPUFA 5
1553541,CANON_LAT,LATIN,Origanum onites
1553641,CANON_LAT,LATIN,Citrus aurantium
1553701,CANON_LAT,LATIN,Citrus hystrix
1553701,SYN_LAT,LATIN,Citrus auraria Michel
1557925,CANON_LAT,LATIN,Ethyl esters (concentrated from fish oils)
1558586,CANON_LAT,LATIN,Borassus flabellifer
1558586,SYN_LAT,LATIN,Borassus flabelliformis L.
1558866,CANON_LAT,LATIN,Glycine max
1558866,SYN_LAT,LATIN,Dolichos sofa L.
1559026,CANON_LAT,LATIN,Perna canaliculus
1559558,CANON_LAT,LATIN,Centaurea cyanus
1559827,CANON_LAT,LATIN,Chrysanthellum indicum
1560426,CANON_LAT,LATIN,Pouteria obovata
1560481,CANON_LAT,LATIN,Prunus persica
1560481,SYN_LAT,LATIN,Amygdalus persica L.
1560481,SYN_LAT,LATIN,Persica vulgaris Mill.
1561228,CANON_EN,UNK,Coenzyme Q10
1561253,CANON_EN,UNK,Coffea sp.
1561379,CANON_LAT,LATIN,Aniba canelilla
1561379,SYN_LAT,LATIN,Aniba elliptica A.C.Sm.
1561545,CANON_LAT,LATIN,Anthemis nobilis
1561666,CANON_EN,UNK,Arabinogalactan
1561851,CANON_LAT,LATIN,Artocarpus communis
1561876,CANON_LAT,LATIN,Artocarpus heterophyllus
1561876,SYN_LAT,LATIN,Artocarpus integrifolius Trimen
1561914,CANON_LAT,LATIN,Ascophyllum laevigata
1562091,CANON_LAT,LATIN,Bactris balanoidea
1563089,CANON_LAT,LATIN,Rubus arcticus
1563481,CANON_EN,UNK,Creatine Citrate
1563542,CANON_LAT,LATIN,Salvia hispanica
1563542,SYN_LAT,LATIN,Kiosmina hispanica (L.) Raf.
1563542,SYN_LAT,LATIN,Salvia chia Colla
1563542,SYN_LAT,LATIN,Salvia neohispanica Briq. nom. illeg.
1563542,SYN_LAT,LATIN,Salvia prysmatica Cav.
1563542,SYN_LAT,LATIN,Salvia schiedeana Stapf
1563542,SYN_LAT,LATIN,Salvia tetragona Moench
1563542,SYN_UNK,UNK,Salvia chia Sessé & Moc. nom. illeg.
1564081,CANON_EN,UNK,Lutein
1564225,CANON_LAT,LATIN,Amphilophium lactiflorum
1566981,CANON_EN,UNK,Eugenia spp.
1567010,CANON_LAT,LATIN,Fagus sylvatica L.
1567043,CANON_LAT,LATIN,Fulvic acid
1567114,CANON_LAT,LATIN,Agaricus bisporus
1567114,SYN_LAT,LATIN,Agaricus hortensis (Cooke) Imai
1567114,SYN_UNK,UNK,Agaricus hortensis (Cooke) Pilát
1567161,CANON_EN,UNK,Citrus × mitis Blanco
1567161,SYN_UNK,UNK,Citrus × microcarpa Bunge
1567161,SYN_UNK,UNK,×Citrofortunella microcarpa (Bunge) Wijnands
1567201,CANON_LAT,LATIN,Aronia melanocarpa
1567226,CANON_LAT,LATIN,Verbena officinalis L.
1568470,CANON_LAT,LATIN,Tetragonia tetragonoides
1568690,CANON_LAT,LATIN,Thysostachys regia
1568690,SYN_LAT,LATIN,Thyrsostachys siamensis Gamble
1569607,CANON_LAT,LATIN,Colloidal silver
1569607,SYN_LAT,LATIN,Silver hydrosol
1664761,CANON_LAT,LATIN,Physalis ixocarpa
1664761,SYN_LAT,LATIN,Physalis aequata J.Jacq. ex Nees
1664786,CANON_LAT,LATIN,Physalis philadelphica Lam.
1664786,SYN_LAT,LATIN,Physalis angulata var. philadelphica (Lam.) A.Gray
1665501,CANON_LAT,LATIN,Ilex paraguariensis
1665916,CANON_LAT,LATIN,Lablab purpureus
1665916,SYN_LAT,LATIN,Cucurbita lagenaria
1665916,SYN_LAT,LATIN,Dolichos lablab
1665916,SYN_LAT,LATIN,Dolichos purpureus
1665916,SYN_LAT,LATIN,Egyptian bean (EN)
1665916,SYN_LAT,LATIN,Fasolnik egipski (PL)
1665916,SYN_LAT,LATIN,Hyacinth bean
1665916,SYN_LAT,LATIN,Indian bean
1665916,SYN_UNK,UNK,Dolique d’Egypte
1665916,SYN_UNK,UNK,Feijoeiro-bravo
1665916,SYN_UNK,UNK,Fríjol jacinto
1665916,SYN_UNK,UNK,Helmbohne
1665916,SYN_UNK,UNK,"Hjelmbønne (DK, NO)"
1665916,SYN_UNK,UNK,Hjálmbaun (IS)
1665916,SYN_UNK,UNK,Hjälmböna (SE)
1665916,SYN_UNK,UNK,Hyasinttipapu (FI)
1665916,SYN_UNK,UNK,Koeliboon (NL)
1665916,SYN_UNK,UNK,Lablab (BG)
1665916,SYN_UNK,UNK,Lablabbohne (DE)
1665916,SYN_UNK,UNK,bonavist bean
1665916,SYN_UNK,UNK,dolique lab-lab (FR)
1665916,SYN_UNK,UNK,feijão-cutelinho (PT)
1665916,SYN_UNK,UNK,fríjol dólico
1665916,SYN_UNK,UNK,judía de Egipto (ES)
1665916,SYN_UNK,UNK,lablab bean
1665916,SYN_UNK,UNK,zucca lagenaria (IT)
1666084,CANON_LAT,LATIN,Laurus nobilis
1666084,SYN_LAT,LATIN,Laurus angusta Raf.
1669181,CANON_LAT,LATIN,Pandanus amaryllifolius
1669181,SYN_LAT,LATIN,Pandanus latifolius Hassk.
1669181,SYN_LAT,LATIN,Pandanus odorus Ridl.
1669421,CANON_EN,UNK,Cannabinoids
1669541,CANON_LAT,LATIN,Artemisia annua
1669541,SYN_LAT,LATIN,Artemisia annua f. annua
1669781,CANON_LAT,LATIN,Artocarpus altilis
1669781,SYN_LAT,LATIN,Artocarpus incisus (Thunb.) L.f.
1669781,SYN_UNK,UNK,Artocarpus altilis var. non-seminiferus (Duss) Fournet
1669781,SYN_UNK,UNK,Artocarpus communis J.R.Forst. & G.Forst.
1671313,CANON_LAT,LATIN,Ilex guayusa
1671313,SYN_LAT,LATIN,Ilex utilis Moldenke
1671560,CANON_LAT,LATIN,Bifidobacterium adolescentis
1673130,CANON_EN,UNK,Betaine
1673130,SYN_UNK,UNK,N
1673130,SYN_UNK,UNK,N-trimethylglycine
1673721,CANON_LAT,LATIN,Lepidium meyenii Walp.
1673721,SYN_UNK,UNK,Lepidium peruvianum G. Chacón de Popovici
1673771,CANON_LAT,LATIN,Gallus gallus domesticus
1673796,CANON_LAT,LATIN,Salmo salar
1673821,CANON_LAT,LATIN,Oncorhynchus mykiss
1675021,CANON_LAT,LATIN,Myrica rubra
1678279,CANON_LAT,LATIN,Lens culinaris Medik.
1678694,CANON_EN,UNK,Magnesium L-threonate
1680642,CANON_LAT,LATIN,Bifidobacterium animalis
1680642,SYN_LAT,LATIN,Bifidobacterium animalis ssp. lactis
1680642,SYN_LAT,LATIN,Bifidobacterium lactis
1680692,CANON_LAT,LATIN,Bifidobacterium bifidum
1680742,CANON_LAT,LATIN,Bifidobacterium breve
1680767,CANON_LAT,LATIN,Bifidobacterium longum
1680767,SYN_LAT,LATIN,Bifidobacterium infantis
1680817,CANON_LAT,LATIN,Brevibacterium linens
1680867,CANON_LAT,LATIN,Enterococcus durans
1680867,SYN_LAT,LATIN,Streptococcus durans
1680918,CANON_LAT,LATIN,Enterococcus lactis
1680918,SYN_LAT,LATIN,Enterococcus faecium (some strains)
1680918,SYN_LAT,LATIN,Streptococcus faecium (some strains)
1680968,CANON_LAT,LATIN,Geotrichum candidum
1680968,SYN_LAT,LATIN,Oospora lactis
1680993,CANON_LAT,LATIN,Klebsiella aerogenes
1680993,SYN_LAT,LATIN,Enterobacter aerogenes
1681018,CANON_LAT,LATIN,Lactobacillus acidophilus
1681043,CANON_LAT,LATIN,Companilactobacillus alimentarius
1681043,SYN_LAT,LATIN,Lactobacillus alimentarius
1681068,CANON_LAT,LATIN,Levilactobacillus brevis
1681068,SYN_LAT,LATIN,Lactobacillus brevis
1681093,CANON_LAT,LATIN,Lactobacillus bulgaricus
1681093,SYN_LAT,LATIN,Lactobacillus delbrueckii ssp. bulgaricus
1681143,CANON_LAT,LATIN,Latilactobacillus curvatus
1681143,SYN_LAT,LATIN,Lactobacillus curvatus
1681168,CANON_LAT,LATIN,Lactobacillus delbrueckii
1681168,SYN_LAT,LATIN,Lactobacillus delbrueckii ssp. bulgaricus
1681168,SYN_LAT,LATIN,Lactobacillus delbrueckii ssp. delbrueckii
1681168,SYN_LAT,LATIN,Lactobacillus delbrueckii ssp. lactis
1681168,SYN_LAT,LATIN,Lactobacillus lactis
1681168,SYN_LAT,LATIN,Lactobacillus leichmannii
1681193,CANON_LAT,LATIN,Companilactobacillus farciminis
1681193,SYN_LAT,LATIN,Lactobacillus farciminis
1681218,CANON_LAT,LATIN,Lactobacillus helveticus
1681218,SYN_LAT,LATIN,Lactobacillus suntoryeus
1681243,CANON_LAT,LATIN,Lactobacillus jensenii
1681268,CANON_LAT,LATIN,Lacticaseibacillus paracasei
1681268,SYN_LAT,LATIN,Lactobacillus paracasei
1681268,SYN_LAT,LATIN,Lactobacillus paracasei ssp. paracasei
1681293,CANON_LAT,LATIN,Lactiplantibacillus pentosus
1681293,SYN_LAT,LATIN,Lactobacillus pentosus
1681318,CANON_LAT,LATIN,Lactiplantibacillus plantarum
1681318,SYN_LAT,LATIN,Lactobacillus plantarum
1681343,CANON_LAT,LATIN,Latilactobacillus sakei
1681343,SYN_LAT,LATIN,Lactobacillus bavaricus
1681343,SYN_LAT,LATIN,Lactobacillus sake
1681343,SYN_LAT,LATIN,Lactobacillus sakei
1681343,SYN_LAT,LATIN,Lactobacillus sakei ssp carnosus
1681343,SYN_LAT,LATIN,Lactobacillus sakei ssp. sakei
1681368,CANON_LAT,LATIN,Fructilactobacillus sanfranciscensis
1681368,SYN_LAT,LATIN,Lactobacillus sanfranciscensis
1681368,SYN_LAT,LATIN,Lactobacillus sanfrancisco
1681393,CANON_LAT,LATIN,Lactococcus lactis
1681393,SYN_LAT,LATIN,Lactobacillus xylosus
1681393,SYN_LAT,LATIN,Lactococcus lactis ssp. cremoris
1681393,SYN_LAT,LATIN,Lactococcus lactis ssp. lactis
1681393,SYN_LAT,LATIN,Lactococcus lactis ssp. lactis biovar. diacetyl
1681393,SYN_LAT,LATIN,Lactococcus lactis ssp. lactis biovar. diacetylactis
1681393,SYN_LAT,LATIN,Lactococcus lactis ssp. lactis diacetylactis
1681393,SYN_LAT,LATIN,Streptococcus cremoris
1681393,SYN_LAT,LATIN,Streptococcus diacetylactis
1681393,SYN_LAT,LATIN,Streptococcus lactis
1681418,CANON_LAT,LATIN,Leuconostoc mesenteroides
1681418,SYN_LAT,LATIN,Leuconostoc dextranicum
1681418,SYN_LAT,LATIN,Leuconostoc mesenteroides ssp. cremoris
1681418,SYN_LAT,LATIN,Leuconostoc mesenteroides ssp. dextranicum
1681418,SYN_LAT,LATIN,Leuconostoc mesenteroides ssp.mesenteroides
1681443,CANON_LAT,LATIN,Pediococcus acidilactici
1681468,CANON_LAT,LATIN,Pediococcus pentosaceus
1681493,CANON_LAT,LATIN,Propionibacterium arabinosum
1681518,CANON_LAT,LATIN,Propionibacterium freudenreichii
1681518,SYN_LAT,LATIN,Propionibacterium freudenreichii ssp. shermanii
1681518,SYN_UNK,UNK,Propionibacteriumfreudenreichii ssp. freudenreichii
1681543,CANON_EN,UNK,Saccharomyces (all species of genus)
1681568,CANON_LAT,LATIN,Staphylococcus carnosus
1681568,SYN_LAT,LATIN,Staphylococcus carnosus ssp. carnosus
1681568,SYN_LAT,LATIN,Staphylococcus carnosus ssp. utilis
1681593,CANON_LAT,LATIN,Staphylococcus xylosus
1681661,CANON_LAT,LATIN,Penicillium album
1681661,SYN_LAT,LATIN,Penicillium camemberti
1681661,SYN_LAT,LATIN,Penicillium candidum
1681686,CANON_LAT,LATIN,Penicillium nalgiovense
1681711,CANON_LAT,LATIN,Penicillium roqueforti
1681901,CANON_LAT,LATIN,Alaria esculenta
1681901,SYN_LAT,LATIN,Agarum esculentum (L.) Bory
1681901,SYN_LAT,LATIN,Ceramium esculentum (L.) Stackhouse
1681901,SYN_LAT,LATIN,Fucus esculentus Linnaeus
1681901,SYN_LAT,LATIN,Laminaria esculenta (L.) C. Agardh
1681901,SYN_LAT,LATIN,Musaefolia esculenta (L.) Stackhouse
1681901,SYN_LAT,LATIN,Orgyia esculenta (L.) Stackhouse
1681901,SYN_LAT,LATIN,Phasgonon esculentum (L.) S.F. Gray
1681901,SYN_LAT,LATIN,Podopteris esculentum (L.) De la Pylaie
1681926,CANON_LAT,LATIN,Alsidium helminthochorton
1681926,SYN_LAT,LATIN,Conferva helminthochorton Schwendimann
1681926,SYN_LAT,LATIN,Fucus helminthochorton Schwendimann
1681926,SYN_LAT,LATIN,Gracilaria helminthochorton (Schwendimann) J.Agardh
1681926,SYN_LAT,LATIN,Helminthochorton officinale Zanardini
1681926,SYN_LAT,LATIN,Sphaerococcus helminthochorton (Schwendimann) C.Agardh
1681951,CANON_LAT,LATIN,Aphanizomenon flos-aquae
1681951,SYN_LAT,LATIN,Aphanizomenon americanum E.G.Reinhard
1681951,SYN_LAT,LATIN,Aphanizomenon holtsaticum Richter
1681951,SYN_LAT,LATIN,Byssus flos-aquae Linnaeus
1681951,SYN_LAT,LATIN,Conferva flosaquae (Linnaeus) Roth
1681951,SYN_LAT,LATIN,Micraloa flosaquae (Linnaeus) Trevisan
1681951,SYN_LAT,LATIN,Nostoc flosaquae (Linnaeus) Lyngbye
1681951,SYN_LAT,LATIN,Nostoc papyraceum S.F.Gray
1681951,SYN_LAT,LATIN,Oscillatoria flosaquae (Linnaeus) C.Agardh
1681951,SYN_LAT,LATIN,Sphaerozyga flosaquae (Linnaeus) Corda
1681951,SYN_LAT,LATIN,Trichormus flosaquae (Linnaeus) Ralfs
1681951,SYN_UNK,UNK,Aphanizomenon cyaneum Ralfs ex Bornet & Flahault
1681951,SYN_UNK,UNK,Limnochlide flosaquae (Linnaeus) Kützing
1682041,CANON_LAT,LATIN,Corallina officinalis
1682041,SYN_LAT,LATIN,Corallina anglica Ellis
1682041,SYN_LAT,LATIN,Corallina calvadosii J.V.Lamouroux
1682041,SYN_LAT,LATIN,Corallina nana Zanardini
1682041,SYN_UNK,UNK,Arthrocardia cretacea (Postels & Ruprecht) Weber-van Bosse
1682041,SYN_UNK,UNK,Bossiella cretacea (Postels & Ruprecht) H.W.Johansen
1682041,SYN_UNK,UNK,Corallina cretacea Postels & Ruprecht
1682041,SYN_UNK,UNK,Pachyarthron cretaceum (Postels & Ruprecht) Manza
1682066,CANON_LAT,LATIN,Dunaliella salina
1682066,SYN_UNK,UNK,Chlamydomonas dunalii (Joly) F.J.Cohn 1865
1682066,SYN_UNK,UNK,Diselmis dunalii(Joly) Dujardin 1841
1682066,SYN_UNK,UNK,Dunaliella bardawil Ben-Amotz & Avron 1982
1682066,SYN_UNK,UNK,Haemotococcus salinus Dunal 1837
1682066,SYN_UNK,UNK,Monas dunalii Joly 1840
1682066,SYN_UNK,UNK,Protococcus salinus Dunal 1837
1682091,CANON_LAT,LATIN,Durvillaea antarctica
1682091,SYN_UNK,UNK,Fucus antarcticus Chamisso 1822
1682231,CANON_EN,UNK,Ecklonia cava Kjellman 1885
1682231,SYN_UNK,UNK,Ecklonia latifolia Kjellman 1885
1682260,CANON_LAT,LATIN,Erythroglossum laciniatum
1682260,SYN_UNK,UNK,Polyneura laciniata (Lightfoot) P.S.Dixon 1983
1682260,SYN_UNK,UNK,Porphyra laciniata (Lightfoot) C.Agardh 1824
1682260,SYN_UNK,UNK,Porphyra umbilicalis f. laciniata (Lightfoot) Thuret 1863
1682260,SYN_UNK,UNK,Porphyra umbilicalis subsp. laciniata (Lightfoot) J.Agardh 1883
1682260,SYN_UNK,UNK,Porphyra umbilicalis var. laciniata (Lightfoot) Ruprecht 1850
1682260,SYN_UNK,UNK,Ulva laciniata Lightfoot 1777
1682285,CANON_LAT,LATIN,Eucheuma horridum
1682310,CANON_LAT,LATIN,Euglena gracilis
1682335,CANON_LAT,LATIN,Gelidium amansii
1682335,SYN_UNK,UNK,Fucus amansii J.V.Lamouroux 1805
1683341,CANON_LAT,LATIN,Gelidium corneum
1683341,SYN_UNK,UNK,Delesseria cornea (Hudson) Greville 1828
1683341,SYN_UNK,UNK,Fucus corneus Hudson 1762
1683341,SYN_UNK,UNK,Fucus corneus var. sesquipedalis Clemente 1807
1683341,SYN_UNK,UNK,Gigartina cornea (Hudson) S.F.Gray 1821
1683341,SYN_UNK,UNK,Nereidea cornea (Hudson) Stackhouse 1816
1683341,SYN_UNK,UNK,Sphaerococcus corneus (Hudson) Stackhouse 1797
1683366,CANON_LAT,LATIN,Gracilaria gracilis
1683366,SYN_UNK,UNK,Flagellaria gracilis (Stackhouse) Stackhouse1809
1683366,SYN_UNK,UNK,Fucus confervoides var. gracilis(Stackhouse) Turner 1802
1683366,SYN_UNK,UNK,Fucus gracilis Stackhouse 1801
1683366,SYN_UNK,UNK,Fucus gulamanM.Blanco 1837
1683366,SYN_UNK,UNK,Fucus procerrimus Esper 1800
1683366,SYN_UNK,UNK,Fucusalbidus Esper 1800
1683366,SYN_UNK,UNK,Gigartina confervoides var. gracilis (Stackhouse) S.F.Gray 1821
1683366,SYN_UNK,UNK,Gracilaria confervoides f. gracilis (Stackhouse) Grunow 1874
1683366,SYN_UNK,UNK,Gracilaria confervoides f.tenuissima Rosenvinge 1931
1683366,SYN_UNK,UNK,Gracilaria confervoides var. capillaris Sonder 1880
1683366,SYN_UNK,UNK,Gracilaria confervoides var. gracilis (Stackhouse) Batters 1902
1683366,SYN_UNK,UNK,Gracilaria verrucosa var. procerrima(Esper) M.P.Reis 1981
1683366,SYN_UNK,UNK,Gracilariaconfervoides var. procerrima (Esper) Greville 1830
1683366,SYN_UNK,UNK,Sphaerococcus capillaris Kützing 1863
1683366,SYN_UNK,UNK,Sphaerococcus confervoides var. gracilis (Stackhouse) C.Agardh 1822
1683391,CANON_LAT,LATIN,Graesiella emersonii
1683391,SYN_UNK,UNK,Chlorella emersonii Shihira & R.W.Krauss 1965
1683416,CANON_LAT,LATIN,Haematococcus lacustris
1683416,SYN_UNK,UNK,Byssus kermesina (Wrangel)Wahlenberg1826
1683416,SYN_UNK,UNK,Chlorococcumkermesinum (Wrangel) Fries 1825
1683416,SYN_UNK,UNK,Disceraea purpurea A.Morren & C.Morren 1841
1683416,SYN_UNK,UNK,Globulina kermesinum (Wrangel) Turpin1836
1683416,SYN_UNK,UNK,Globulinakermesina(Wrangel) Turpin 1836
1683416,SYN_UNK,UNK,Haematococcus cordae Meneghini 1843
1683416,SYN_UNK,UNK,Haematococcus pluvialis Flotow 1844
1683416,SYN_UNK,UNK,Protococcus kermesinus (Wrangel) C.Agardh 1825
1683416,SYN_UNK,UNK,Protococcus monospermus Corda 1833
1683416,SYN_UNK,UNK,Sphaerella lacustris (Girod-Chantrans) Wittrock ex Hansgirg 1888
1683416,SYN_UNK,UNK,Sphaerella wrangelii Sommerfelt1824
1683441,CANON_LAT,LATIN,Laminaria hyperborea
1683441,SYN_UNK,UNK,Fucus hyperboreus Gunnerus 1776
1683441,SYN_UNK,UNK,Fucus scoparius Ström 1762
1683441,SYN_UNK,UNK,Hafgygia cloustonii (Edmondston) Areschoug 1883
1683441,SYN_UNK,UNK,Laminaria cloustonii Edmondston 1845
1683441,SYN_UNK,UNK,Laminaria hyperborea f. compressa Foslie 1884
1683466,CANON_LAT,LATIN,Limnospira fusiformis
1683466,SYN_UNK,UNK,Arthrospira fusiformis (Voronichin) Komárek & J.W.G.Lund 1990
1683466,SYN_UNK,UNK,Spirulina fusiformis Woronichin 1934
1683491,CANON_LAT,LATIN,Limnospira indica
1683491,SYN_UNK,UNK,Arthrospira indica Desikachary & N.Jeeji Bai 1992
1683521,CANON_LAT,LATIN,Limnospira maxima
1683521,SYN_UNK,UNK,Arthrospira maxima Setchell & N.L.Gardner 1917
1683521,SYN_UNK,UNK,Oscillatoria pseudoplatensis Bourrelly 1970
1683521,SYN_UNK,UNK,Spirulina maxima (Setchell & N.L.Gardner) Geitler 1932
1683546,CANON_LAT,LATIN,Macrocystis pyrifera
1683546,SYN_UNK,UNK,Fucus giganteus Gaudichaud 1826
1683546,SYN_UNK,UNK,Fucus hirtus Bonpland 1809
1683546,SYN_UNK,UNK,Fucus humboldtii Bonpland 1809
1683546,SYN_UNK,UNK,Fucus pyriferus Linnaeus 1771
1683546,SYN_UNK,UNK,Laminaria pyrifera (Linnaeus) J.V.Lamouroux 1813
1683546,SYN_UNK,UNK,Macrocystis angustifolia Bory 1826
1683546,SYN_UNK,UNK,Macrocystis communis Bory 1826
1683546,SYN_UNK,UNK,Macrocystis humboldtii (Bonpland) C.Agardh 1822
1683546,SYN_UNK,UNK,Macrocystis integrifolia Bory 1826
1683546,SYN_UNK,UNK,Macrocystis latifolia Bory 1826
1683571,CANON_LAT,LATIN,Mastocarpus stellatus
1683571,SYN_UNK,UNK,Chondrus crispus var. stellatus (Stackhouse) Lyngbye 1819
1683571,SYN_UNK,UNK,Chondrus stellatus (Stackhouse) Stackhhouse 1797
1683571,SYN_UNK,UNK,Fucus stellatus Stackhouse 1796
1683571,SYN_UNK,UNK,Gigartina stellata (Stackhouse) Batters 1902
1683571,SYN_UNK,UNK,Polymorpha stellata (Stackhouse) Stacxkhouse 1809
1683571,SYN_UNK,UNK,Sphaerococcus crispus var. stellatus (Stackhouse) C.Agardh 1817
1683601,CANON_LAT,LATIN,Neopyropia leucosticta
1683601,SYN_LAT,LATIN,Porphyra leucosticta Thuret
1683601,SYN_UNK,UNK,Pyropia leucosticta (Thuret) Neefus & J.Brodie
1683641,CANON_LAT,LATIN,Odontella aurita
1683641,SYN_UNK,UNK,Biddulphia aurita (Lyngbye) Brébisson 1838
1683641,SYN_UNK,UNK,Candollella aurita (Lyngbye) Gaillon 1833
1683641,SYN_UNK,UNK,Denticella aurita (Lyngbye)Ehrenberg 1838
1683641,SYN_UNK,UNK,Diatoma aurita Lyngbye 1819
1683681,CANON_LAT,LATIN,Porphyra dioica
1683681,SYN_UNK,UNK,Porphyra umbilicalis f. rosea Hamel 1924
1683721,CANON_LAT,LATIN,Porphyra purpurea
1683721,SYN_UNK,UNK,Phyllona purpurea (Roth) Wallroth 1833
1683721,SYN_UNK,UNK,Porphyra umbilicalis f. purpurea (Roth) Jadin 1935
1683721,SYN_UNK,UNK,Porphyra umbilicalis subsp. purpurea (Roth) J.Agardh 1883
1683721,SYN_UNK,UNK,Ulva lactuca var. purpurea (Roth) Poiret 1808
1683721,SYN_UNK,UNK,Ulva purpurea Roth 1797
1683721,SYN_UNK,UNK,Ulva umbilicalis var. purpurea (Roth) Wahlenberg 1812
1683833,CANON_LAT,LATIN,Porphyra umbilicalis
1683833,SYN_UNK,UNK,Phyllona umbilicata J.Hill null Ulva umbilicalis Linnaeus 1753
1683833,SYN_UNK,UNK,Porphyra insolita Kornmann & Sahling 1991
1683833,SYN_UNK,UNK,Porphyra laciniata f. umbilicalis (Kützing) Kleen 1874
1683833,SYN_UNK,UNK,Porphyra laciniata var. umbilicalis C.Agardh 1829
1683833,SYN_UNK,UNK,Ulva latissima var. umbilicalis (Linnaeus) C.Agardh 1823
1683833,SYN_UNK,UNK,Ulva umbilicata S.F.Gray 1821
1683861,CANON_LAT,LATIN,Pyropia yezoensis
1683861,SYN_UNK,UNK,Neopyropia yezoensis (Ueda) L.-E.Yang & J.Brodie 2020
1683861,SYN_UNK,UNK,Porphyra palleola M.Noda 1964
1683861,SYN_UNK,UNK,Porphyra yezoensis Ueda 1932
1683901,CANON_LAT,LATIN,Spirulina major
1683901,SYN_UNK,UNK,Arthrospira major (Kützing ex Gomont) W.B.Crow 1927
1683901,SYN_UNK,UNK,Oscillatoria oscillariorides Iltis 1970
1683901,SYN_UNK,UNK,Spirulina major f. constans Emoto & Hirose 1952
1683901,SYN_UNK,UNK,Spirulina oscillariorides Turpin 1827
1683941,CANON_LAT,LATIN,Tetraselmis chui
1683966,CANON_LAT,LATIN,Ulva intestinalis
1683966,SYN_UNK,UNK,Conferva intestinalis (Linnaeus) Roth 1797
1683966,SYN_UNK,UNK,Enteromorpha compressa var. intestinalis (Linnaeus) Hamel 1931
1683966,SYN_UNK,UNK,Enteromorpha intestinalis (Linnaeus) Nees 1820
1683966,SYN_UNK,UNK,Fistularia intestinalis (Linnaeus) Greville 1824
1683966,SYN_UNK,UNK,Hydrosolen intestinalis (Linnaeus) C.Martius 1833
1683966,SYN_UNK,UNK,Ilea intestinalis (Linnaeus) Leiblein 1827
1683966,SYN_UNK,UNK,Scytosiphon intestinalis (Linnaeus) Lyngbye 1819
1683966,SYN_UNK,UNK,Solenia intestinalis (Linnaeus) C.Agardh 1824
1683966,SYN_UNK,UNK,Tetraspora intestinalis (Linnaeus) Desvaux 1818
1683966,SYN_UNK,UNK,Ulva bulbosa var. intestinalis (Linnaeus) Hariot 1889
1683966,SYN_UNK,UNK,Ulva enteromorpha var. intestinalis (Linnaeus) Le Jolis 1863
1688261,CANON_LAT,LATIN,Eucheuma denticulatum
1688261,SYN_UNK,UNK,Ceramium spinosum (Linnaeus) Ruchinger 1818
1688261,SYN_UNK,UNK,Chondria spinosa C.Agardh 1817
1688261,SYN_UNK,UNK,Eucheuma muricatum (S.G.Gmelin) Weber Bosse 1928
1688261,SYN_UNK,UNK,Eucheuma spinosum J.Agardh 1847
1688261,SYN_UNK,UNK,Fucus denticulatus N.L.Burman 1768
1688261,SYN_UNK,UNK,Fucus muricatus S.G.Gmelin 1768
1688261,SYN_UNK,UNK,Fucus spinosus Linnaeus 1771
1688261,SYN_UNK,UNK,Gigartina muricata (S.G.Gmelin) J.V.Lamouroux 1813
1688261,SYN_UNK,UNK,Gigartina spinosa Greville 1830
1688261,SYN_UNK,UNK,Grateloupia opposita Kützing 1867
1688261,SYN_UNK,UNK,Rhynchococcus spinosus (Linnaeus) Kützing 1843
1688261,SYN_UNK,UNK,Sphaerococcus spinosus C.Agardh 1822
1688261,SYN_UNK,UNK,Ulva papillosa Linnaeus 1771
1693260,CANON_LAT,LATIN,Composed product derived from sea salt
1694250,CANON_LAT,LATIN,Nicotinamide adenine dinucleotide
1694250,SYN_UNK,UNK,(NAD+)
1694313,CANON_LAT,LATIN,Activated charcoal
1694313,SYN_LAT,LATIN,Vegetable active coal
1694313,SYN_UNK,UNK,active coal
1694941,CANON_EN,UNK,Diosmin
1695079,CANON_LAT,LATIN,Ascophyllum nodosum
1695079,SYN_UNK,UNK,"Ascophylla nodosa (Linnaeus) Kuntze 1894, Ascophyllum laevigata) Stackhouse 1809"
1695079,SYN_UNK,UNK,Fistularia nodosa (Linnaeus) Stackhouse1816
1695079,SYN_UNK,UNK,Fucodiumnodosum (Linnaeus) J.Agardh 1848
1695079,SYN_UNK,UNK,Fucus nodosus Linnaeus 1753
1695079,SYN_UNK,UNK,Halicoccus nodosus (Linnaeus) Lyngbye 1819
1695079,SYN_UNK,UNK,Halidrys nodosa(Linnaeus) Lyngbye 1819
1695079,SYN_UNK,UNK,Ozothallia nodosa (Linnaeus) Decaisne & Thuret 1845
1695079,SYN_UNK,UNK,Physocaulon nodosum (Linnaeus) Kützing 1843
1714665,CANON_LAT,LATIN,Stevia rebaudiana
1714665,SYN_LAT,LATIN,Eupatorium rebaudianum Bertoni
1714665,SYN_LAT,LATIN,Stevia rebaudiana Hemsl.
1723184,CANON_LAT,LATIN,Bovine spleen
1723209,CANON_LAT,LATIN,Bovine pancreas
1724961,CANON_LAT,LATIN,Eschscholtzia californica
1789641,CANON_LAT,LATIN,Holothuria fuscogilva
1789666,CANON_LAT,LATIN,Holothuria whitmaiei
1789716,CANON_LAT,LATIN,Holothuria scabra
1843621,CANON_LAT,LATIN,Placenta from mammals
1847565,CANON_LAT,LATIN,Lacticaseibacillus casei
1847565,SYN_LAT,LATIN,Lactobacillus casei
1847565,SYN_LAT,LATIN,Lactobacillus zeae
1847615,CANON_LAT,LATIN,Yarrowia lipolytica
1847669,CANON_LAT,LATIN,Streptococcus salivarius
1853751,CANON_LAT,LATIN,Lacticaseibacillus rhamnosus
1853751,SYN_LAT,LATIN,Lactobacillus casei ssp. rhamnosus
1853751,SYN_LAT,LATIN,Lactobacillus rhamnosus
1862157,CANON_LAT,LATIN,Edible bird nest
1882838,CANON_LAT,LATIN,Canarium indicum L.
1891652,CANON_EN,UNK,UV-treated wine
1917494,CANON_LAT,LATIN,Vitis vinifera
1930562,CANON_EN,UNK,"UV-treated skimmed milk with less than 0,375 μg/100 g vitamin D3."
1939628,CANON_LAT,LATIN,Scenedesmus acutus
1939628,SYN_UNK,UNK,Arthrodesmus acutus Ehrenberg 0
1939628,SYN_UNK,UNK,Scenedesmus crassus Chodat 1926
1939628,SYN_UNK,UNK,Scenedesmus dimorphus f. granulatus Isabella & R.J.Patel 1989.
1939628,SYN_UNK,UNK,Scenedesmus scenedesmoides Chodat 1926
1939653,CANON_LAT,LATIN,Scenedesmus quadricauda
1939653,SYN_UNK,UNK,Achnanthes quadricauda Turpin 1828
1939653,SYN_UNK,UNK,Desmodesmus quadricaudata (Turpin) Hegewald 2000
1939653,SYN_UNK,UNK,Scenedesmus caudatus Corda 1835
1939678,CANON_LAT,LATIN,Desmodesmus subspicatus
1939678,SYN_UNK,UNK,Scenedesmus subspicatus Chodat 1926
1939703,CANON_LAT,LATIN,Desmodesmus communis
1939703,SYN_UNK,UNK,Scenedesmus communis E.Hegewald 1977
1939703,SYN_UNK,UNK,Scenedesmus quadricauda Chodat 1926.
1939728,CANON_LAT,LATIN,Tetradesmus almeriensis
1939753,CANON_LAT,LATIN,Tetradesmus dimorphus
1939753,SYN_LAT,LATIN,Scenedesmus acutus var. dimorphus (Turpin) Rabenhorst null
1939753,SYN_UNK,UNK,Achnanthes dimorpha Turpin 1828
1939753,SYN_UNK,UNK,Acutodesmus dimorphus (Turpin) P.M.Tsarenko 2001
1939753,SYN_UNK,UNK,Scenedesmus dimorphus (Turpin) Kützing 1834
1939753,SYN_UNK,UNK,Scenedesmus obliquus var. dimorphus (Turpin) Hansgirg 1888
1939778,CANON_LAT,LATIN,Tetradesmus obliquus
1939778,SYN_UNK,UNK,Achnanthes obliqua Turpin 1828
1939778,SYN_UNK,UNK,Acutodesmus obliquus (Turpin) Hegewald & Hanagata 2000
1939778,SYN_UNK,UNK,Scenedesmus acutus Meyen 1829
1939778,SYN_UNK,UNK,Scenedesmus acutus f. alternans Hortobagyi 1941
1939778,SYN_UNK,UNK,Scenedesmus bijugatus Kützing 1834
1939778,SYN_UNK,UNK,Scenedesmus obliquus (Turpin) Kützing 1833
1939803,CANON_LAT,LATIN,Scenedesmus vacuolatus
1939828,CANON_EN,UNK,Scenedesmus sp.
1945086,CANON_LAT,LATIN,Lactococcus cremoris
1945086,SYN_LAT,LATIN,Lactococcus lactis subsp. cremoris
1945086,SYN_LAT,LATIN,Streptococcus cremoris
1945086,SYN_LAT,LATIN,Streptococcus lactis subsp. cremoris
1947721,CANON_LAT,LATIN,Astragalus membranaceus
1947721,SYN_LAT,LATIN,Astragalus mongholicus Bunge
1948649,CANON_LAT,LATIN,Paeonia lactiflora
1948649,SYN_LAT,LATIN,Paeonia albiflora Pall.
1948649,SYN_LAT,LATIN,Paeonia edulis Salisb.
1948649,SYN_LAT,LATIN,Paeonia lactea Pall.
1948649,SYN_LAT,LATIN,Paeonia sinensis Jacques
1948733,CANON_LAT,LATIN,Ligusticum striatum
1948733,SYN_LAT,LATIN,Ligusticum chuanxiong S.H.Qiu
1948733,SYN_LAT,LATIN,Ligusticum wallichii Franch.
1948733,SYN_UNK,UNK,K.Y.Pan
1948733,SYN_UNK,UNK,Y.C.Tang & J.M.Xu
1948733,SYN_UNK,UNK,Y.Q.Zeng
1948983,CANON_LAT,LATIN,Polygala tenuifolia
1948983,SYN_LAT,LATIN,Polygala sibirica var. angustifolia Ledeb.
1948983,SYN_UNK,UNK,Polygala sibirica var. tenuifolia (Willd.) Backer & Moore
1953361,CANON_LAT,LATIN,Crataegus monogyna
1953361,SYN_LAT,LATIN,Crataegus apiifolia Medik.
1953361,SYN_LAT,LATIN,Crataegus oxyacantha Thuill.
1953361,SYN_LAT,LATIN,Mespilus apiifolia (Medik.) B.D.Jacks.
1953361,SYN_LAT,LATIN,Mespilus monogyna (Jacq.) All.
1953361,SYN_LAT,LATIN,Oxyacantha apiifolia
1953361,SYN_LAT,LATIN,Oxyacantha monogyna
1954301,CANON_LAT,LATIN,Carica pentagona
1954301,SYN_LAT,LATIN,Vasconcellea pentagona (Heilborn) Mabb.
1958681,CANON_LAT,LATIN,Solanum quitense
1958681,SYN_UNK,UNK,Solanum macrocarpon Molina (non L.: homonym)
1961061,CANON_LAT,LATIN,Phoenix dactylifera
1961061,SYN_LAT,LATIN,Encephalartos pungens Lehm.
1961061,SYN_LAT,LATIN,Macrozamia tridentata var. pungens (Willd.) J.Schust.
1961061,SYN_LAT,LATIN,Palma dactylifera (L.) Mill.
1961061,SYN_LAT,LATIN,Palma major Garsault
1961061,SYN_LAT,LATIN,Phoenix atlantica var. maroccana A.Chev.
1961061,SYN_LAT,LATIN,Phoenix chevalieri D.Rivera
1961061,SYN_LAT,LATIN,Phoenix dactylifera var. adunca D.H.Christ ex Becc.
1961061,SYN_LAT,LATIN,Phoenix dactylifera var. costata Becc.
1961061,SYN_LAT,LATIN,Phoenix dactylifera var. cylindrocarpa Mart.
1961061,SYN_LAT,LATIN,Phoenix dactylifera var. gonocarpa Mart.
1961061,SYN_LAT,LATIN,Phoenix dactylifera var. oocarpa Mart.
1961061,SYN_LAT,LATIN,Phoenix dactylifera var. oxysperma Mart.
1961061,SYN_LAT,LATIN,Phoenix dactylifera var. sphaerocarpa Mart.
1961061,SYN_LAT,LATIN,Phoenix dactylifera var. sphaerosperma Mart.
1961061,SYN_LAT,LATIN,Phoenix dactylifera var. sylvestris Mart.
1961061,SYN_LAT,LATIN,Phoenix excelsior Cav.
1961061,SYN_LAT,LATIN,Phoenix iberica D.Rivera
1961061,SYN_LAT,LATIN,Zamia pallida Salisb.
1961061,SYN_LAT,LATIN,Zamia pungens L.f.
1961061,SYN_LAT,LATIN,Zamia pungens L.f. ex Salisb.
1961061,SYN_UNK,UNK,S.Ríos & Obón
1984590,CANON_LAT,LATIN,Lactose derived from whey with degraded riboflavin
1984779,CANON_LAT,LATIN,Solidago virgaurea
1987075,CANON_EN,UNK,Non-isolated fulvic acid
2005042,CANON_LAT,LATIN,Pinus halepensis Mill.
2005042,SYN_LAT,LATIN,Pinus maritima Aiton.
2005042,SYN_LAT,LATIN,Pinus maritima Mill.
2006422,CANON_LAT,LATIN,Streptococcus thermophilus
2006422,SYN_LAT,LATIN,Streptococcus salivarius subsp. thermophilus
2447754,CANON_LAT,LATIN,Adiantum capillus veneris
2464659,CANON_LAT,LATIN,Schinopsis lorentzii
2464659,SYN_LAT,LATIN,Loxopterygium lorentzii Griseb.
2464659,SYN_LAT,LATIN,Quebrachia laurentzii Griseb.
2464659,SYN_LAT,LATIN,Quebrachia lorentzii Griseb.
2464659,SYN_LAT,LATIN,Schinopsis haenkeana Engl.
2464659,SYN_LAT,LATIN,Schinopsis lorentzii var. marginata (Engl.) Cabrera
2464659,SYN_LAT,LATIN,Schinopsis marginata Engl.
2464659,SYN_UNK,UNK,Schinopsis quebracho-colorado (Schltdl.) F.A.Barkley & T.Mey.
2470439,CANON_EN,UNK,Tributyrin
2481954,CANON_EN,UNK,Diosmectite
2483443,CANON_EN,UNK,DMAE (dimethylaminoethanol) and its salts
2498052,CANON_EN,UNK,"Choline, succinate (2:1) salt solution"
2505979,CANON_LAT,LATIN,Benincasa hispida
2505979,SYN_LAT,LATIN,Benincasa cerifera Savi
2505979,SYN_LAT,LATIN,Benincasa cylindrica hort. ex Ser.
2505979,SYN_LAT,LATIN,Benincasa hispida var. hispida.
2505979,SYN_UNK,UNK,Benincasa hispida var. chieh-qua F.C.How
2513871,CANON_LAT,LATIN,Cyamopsis tetragonoloba
2513871,SYN_LAT,LATIN,Cordaea fabiformis Spreng.
2513871,SYN_LAT,LATIN,Psoralea tetragonoloba L.
2520328,CANON_LAT,LATIN,Malva sylvestris
2520328,SYN_LAT,LATIN,Althaea vulgaris Bubani
2520328,SYN_LAT,LATIN,Malva sylvestris subsp. mauritiana (L.) Boiss.
2520328,SYN_LAT,LATIN,Malva sylvestris subsp. sylvestris
2520356,CANON_LAT,LATIN,Urtica urens
2520356,SYN_LAT,LATIN,Urtica atlantica Blume
2520356,SYN_LAT,LATIN,Urtica cubensis Klotzsch ex Herder
2520356,SYN_LAT,LATIN,Urtica minor Garsault
2520382,CANON_LAT,LATIN,Sonchus oleraceus
2520382,SYN_LAT,LATIN,Carduus amplexicaulis Noronha
2520382,SYN_LAT,LATIN,Lepicaune spinulosa Lapeyr.
2520382,SYN_LAT,LATIN,Sonchus angustissimus H.Lindb.
2520409,CANON_LAT,LATIN,Silene vulgaris
2520409,SYN_LAT,LATIN,Behen angustifolius Schott ex Steud.
2520409,SYN_LAT,LATIN,Cucubalus alpinus Lam.
2520409,SYN_UNK,UNK,Behen alpinus (Lam.) Gușul.
2520435,CANON_LAT,LATIN,Scolymus hispanicus
2520435,SYN_LAT,LATIN,Myscolus microcephalus Cass.
2520435,SYN_LAT,LATIN,Scolymus congestus Lam.
2520435,SYN_LAT,LATIN,Scolymus gymnospermus Gaertn.
2521008,CANON_LAT,LATIN,Whey protein concentrate containing milk fat globular membrane
2523922,CANON_LAT,LATIN,Litsea cubeba
2523922,SYN_LAT,LATIN,Benzoin cubeba (Lour.) Hatus.
2523922,SYN_LAT,LATIN,Cubeba pipereta Raf.
2523922,SYN_LAT,LATIN,Daphnidium cubeba (Lour.) Nees.
2523947,CANON_LAT,LATIN,Tagetes erecta
2523947,SYN_LAT,LATIN,Tagetes erecta var. erecta
2523947,SYN_UNK,UNK,Tagetes ernstii H.Rob. & Nicolson
2531494,CANON_LAT,LATIN,Boron glycinate and boron bisglycinate
2570873,CANON_LAT,LATIN,Heyndrickxia coagulans
2570873,SYN_LAT,LATIN,Bacillus coagulans
2570873,SYN_LAT,LATIN,Weizmannia coagulans
2572435,CANON_LAT,LATIN,Creatine malate
2572460,CANON_LAT,LATIN,Creatine alpha-ketoglutarate
2580872,CANON_LAT,LATIN,Reynoutria multiflora
2580872,SYN_LAT,LATIN,Fallopia multiflora (Thunb.) K. Haraldson
2580872,SYN_LAT,LATIN,Polygonum multiflorum Thunb.
2582124,CANON_LAT,LATIN,Vangueria agrestis
2582124,SYN_LAT,LATIN,Fadogia agrestis Schweinf. ex Hiern
2589232,CANON_LAT,LATIN,Bromus grossus
2589232,SYN_LAT,LATIN,Bromus mutabilis var. grossus (Desf. ex DC.) F.W.Schult
2589232,SYN_LAT,LATIN,Bromus secalinus subsp. grossus (Desf. ex DC.) K.Richt.
2589257,CANON_LAT,LATIN,Bromus secalinus
2589257,SYN_LAT,LATIN,Avena secalina (L.) Salisb.
2589257,SYN_LAT,LATIN,Bromus mollis var. secalinus (L.) Huds.
2589479,CANON_LAT,LATIN,Bacillus subtilis
2589699,CANON_LAT,LATIN,Lactobacillus gasseri
2591159,CANON_EN,UNK,Inositol
2598148,CANON_LAT,LATIN,Limosilactobacillus vaginalis
2606094,CANON_LAT,LATIN,Chenopodium bonus-henricus
2606119,CANON_LAT,LATIN,Celtis australis
2606144,CANON_LAT,LATIN,Cichorium intybus
2609004,CANON_LAT,LATIN,Pleurotus pulmonarius
2615092,CANON_LAT,LATIN,Samsoniella hepiali
2615092,SYN_UNK,UNK,Paecilomyces hepiali Q.T. Chen & R.Q. Dai
2625757,CANON_LAT,LATIN,Cordyceps militaris
2625757,SYN_LAT,LATIN,Clavaria gemmata Schaeff.
2625757,SYN_LAT,LATIN,Corynesphaera militaris (L.) Dumort.
2625757,SYN_LAT,LATIN,Sphaeria militaris (L.) J.F. Gmel.
2625757,SYN_LAT,LATIN,Xylaria militaris (L.) Gray
2625757,SYN_UNK,UNK,Hypoxylon militare (L.) Mérat
2626034,CANON_LAT,LATIN,Castanea sativa
2626034,SYN_LAT,LATIN,Castanea castanea (L.) H.Karst.
2626034,SYN_LAT,LATIN,Castanea prolifera (K.Koch) Hickel.
